forecast_origin_date,lead_hour,timestamp,turbine_id,predicted_mw,physics_baseline_mw,persistence_baseline_mw,wind_speed_100m_ms,temperature_2m_c,air_density_kg_m3
2026-02-01,1,2026-02-01 00:00:00,farm,0.0,0.0,0.0,2.11,-1.6,1.2236
2026-02-01,2,2026-02-01 01:00:00,farm,0.0,0.0,0.0,0.9,-1.4,1.223
2026-02-01,3,2026-02-01 02:00:00,farm,0.0,0.0,0.0,1.35,-1.8,1.2246
2026-02-01,4,2026-02-01 03:00:00,farm,0.0,0.0,0.0,2.26,-1.9,1.2249
2026-02-01,5,2026-02-01 04:00:00,farm,0.0,0.0,0.0,2.12,-1.6,1.2242
2026-02-01,6,2026-02-01 05:00:00,farm,0.0,0.0,0.0,1.55,-3.2,1.2321
2026-02-01,7,2026-02-01 06:00:00,farm,0.0,0.0,0.0,0.81,-3.6,1.2331
2026-02-01,8,2026-02-01 07:00:00,farm,0.0,0.0,0.0,2.27,-3.8,1.2337
2026-02-01,9,2026-02-01 08:00:00,farm,0.083,0.056,0.0,5.13,-2.0,1.2266
2026-02-01,10,2026-02-01 09:00:00,farm,0.141,0.144,0.0,5.92,0.1,1.2184
2026-02-01,11,2026-02-01 10:00:00,farm,0.063,0.003,0.0,3.74,1.9,1.2113
2026-02-01,12,2026-02-01 11:00:00,farm,0.063,0.0,0.0,3.16,3.5,1.2047
2026-02-01,13,2026-02-01 12:00:00,farm,0.07,0.008,0.0,4.15,5.5,1.1954
2026-02-01,14,2026-02-01 13:00:00,farm,0.073,0.021,0.0,4.56,6.3,1.1914
2026-02-01,15,2026-02-01 14:00:00,farm,0.073,0.023,0.0,4.59,6.3,1.1911
2026-02-01,16,2026-02-01 15:00:00,farm,0.073,0.024,0.0,4.61,5.6,1.1944
2026-02-01,17,2026-02-01 16:00:00,farm,0.102,0.069,0.0,5.3,3.6,1.2025
2026-02-01,18,2026-02-01 17:00:00,farm,0.073,0.031,0.0,4.75,0.9,1.2138
2026-02-01,19,2026-02-01 18:00:00,farm,0.066,0.018,0.0,4.46,0.9,1.2143
2026-02-01,20,2026-02-01 19:00:00,farm,0.103,0.069,0.0,5.28,0.9,1.2143
2026-02-01,21,2026-02-01 20:00:00,farm,0.111,0.074,0.0,5.34,0.5,1.2161
2026-02-01,22,2026-02-01 21:00:00,farm,0.112,0.089,0.0,5.49,0.3,1.2169
2026-02-01,23,2026-02-01 22:00:00,farm,0.12,0.098,0.0,5.57,-0.5,1.2201
2026-02-01,24,2026-02-01 23:00:00,farm,0.171,0.16,0.0,6.02,-0.1,1.2189
2026-02-01,25,2026-02-02 00:00:00,farm,0.19,0.196,0.0,6.23,-0.5,1.2204
2026-02-01,26,2026-02-02 01:00:00,farm,0.209,0.229,0.0,6.4,-1.0,1.2227
2026-02-01,27,2026-02-02 02:00:00,farm,0.126,0.126,0.0,5.78,-1.5,1.2248
2026-02-01,28,2026-02-02 03:00:00,farm,0.219,0.248,0.0,6.49,-1.7,1.2256
2026-02-01,29,2026-02-02 04:00:00,farm,0.381,0.349,0.0,6.91,-1.9,1.2266
2026-02-01,30,2026-02-02 05:00:00,farm,0.477,0.468,0.0,7.31,-2.0,1.2269
2026-02-01,31,2026-02-02 06:00:00,farm,0.372,0.395,0.0,7.07,-2.7,1.23
2026-02-01,32,2026-02-02 07:00:00,farm,0.298,0.309,0.0,6.75,-3.1,1.2319
2026-02-01,33,2026-02-02 08:00:00,farm,0.473,0.484,0.0,7.36,-1.8,1.2269
2026-02-01,34,2026-02-02 09:00:00,farm,1.036,1.109,0.0,8.77,1.6,1.2125
2026-02-01,35,2026-02-02 10:00:00,farm,0.455,0.471,0.0,7.35,4.2,1.201
2026-02-01,36,2026-02-02 11:00:00,farm,0.987,0.997,0.0,8.6,6.0,1.1928
2026-02-01,37,2026-02-02 12:00:00,farm,1.222,1.265,0.0,9.07,6.9,1.1881
2026-02-01,38,2026-02-02 13:00:00,farm,1.487,1.485,0.0,9.41,7.6,1.1845
2026-02-01,39,2026-02-02 14:00:00,farm,1.482,1.504,0.0,9.44,7.9,1.1826
2026-02-01,40,2026-02-02 15:00:00,farm,0.798,0.836,0.0,8.29,7.1,1.1859
2026-02-01,41,2026-02-02 16:00:00,farm,0.573,0.617,0.0,7.77,5.3,1.1931
2026-02-01,42,2026-02-02 17:00:00,farm,0.061,0.0,0.0,2.69,2.0,1.2081
2026-02-01,43,2026-02-02 18:00:00,farm,0.0,0.0,0.0,1.65,0.6,1.2152
2026-02-01,44,2026-02-02 19:00:00,farm,0.0,0.0,0.0,2.07,0.2,1.2158
2026-02-01,45,2026-02-02 20:00:00,farm,0.11,0.082,0.0,5.42,0.8,1.2127
2026-02-01,46,2026-02-02 21:00:00,farm,0.115,0.12,0.0,5.75,0.7,1.2127
2026-02-01,47,2026-02-02 22:00:00,farm,0.086,0.049,0.0,5.04,-0.1,1.2157
2026-02-01,48,2026-02-02 23:00:00,farm,0.113,0.081,0.0,5.41,-0.2,1.2155
2026-02-02,1,2026-02-02 00:00:00,farm,0.19,0.196,0.19,6.23,-0.5,1.2204
2026-02-02,2,2026-02-02 01:00:00,farm,0.209,0.229,0.19,6.4,-1.0,1.2227
2026-02-02,3,2026-02-02 02:00:00,farm,0.126,0.126,0.19,5.78,-1.5,1.2248
2026-02-02,4,2026-02-02 03:00:00,farm,0.219,0.248,0.19,6.49,-1.7,1.2256
2026-02-02,5,2026-02-02 04:00:00,farm,0.381,0.349,0.19,6.91,-1.9,1.2266
2026-02-02,6,2026-02-02 05:00:00,farm,0.477,0.468,0.19,7.31,-2.0,1.2269
2026-02-02,7,2026-02-02 06:00:00,farm,0.372,0.395,0.19,7.07,-2.7,1.23
2026-02-02,8,2026-02-02 07:00:00,farm,0.298,0.309,0.19,6.75,-3.1,1.2319
2026-02-02,9,2026-02-02 08:00:00,farm,0.473,0.484,0.19,7.36,-1.8,1.2269
2026-02-02,10,2026-02-02 09:00:00,farm,1.036,1.109,0.19,8.77,1.6,1.2125
2026-02-02,11,2026-02-02 10:00:00,farm,0.455,0.471,0.19,7.35,4.2,1.201
2026-02-02,12,2026-02-02 11:00:00,farm,0.987,0.997,0.19,8.6,6.0,1.1928
2026-02-02,13,2026-02-02 12:00:00,farm,1.222,1.265,0.19,9.07,6.9,1.1881
2026-02-02,14,2026-02-02 13:00:00,farm,1.487,1.485,0.19,9.41,7.6,1.1845
2026-02-02,15,2026-02-02 14:00:00,farm,1.482,1.504,0.19,9.44,7.9,1.1826
2026-02-02,16,2026-02-02 15:00:00,farm,0.798,0.836,0.19,8.29,7.1,1.1859
2026-02-02,17,2026-02-02 16:00:00,farm,0.573,0.617,0.19,7.77,5.3,1.1931
2026-02-02,18,2026-02-02 17:00:00,farm,0.061,0.0,0.19,2.69,2.0,1.2081
2026-02-02,19,2026-02-02 18:00:00,farm,0.0,0.0,0.19,1.65,0.6,1.2152
2026-02-02,20,2026-02-02 19:00:00,farm,0.0,0.0,0.19,2.07,0.2,1.2158
2026-02-02,21,2026-02-02 20:00:00,farm,0.11,0.082,0.19,5.42,0.8,1.2127
2026-02-02,22,2026-02-02 21:00:00,farm,0.115,0.12,0.19,5.75,0.7,1.2127
2026-02-02,23,2026-02-02 22:00:00,farm,0.086,0.049,0.19,5.04,-0.1,1.2157
2026-02-02,24,2026-02-02 23:00:00,farm,0.113,0.081,0.19,5.41,-0.2,1.2155
2026-02-02,25,2026-02-03 00:00:00,farm,0.168,0.162,0.19,6.03,-1.2,1.2191
2026-02-02,26,2026-02-03 01:00:00,farm,0.219,0.242,0.19,6.47,-1.3,1.2193
2026-02-02,27,2026-02-03 02:00:00,farm,0.37,0.398,0.19,7.09,-1.7,1.2206
2026-02-02,28,2026-02-03 03:00:00,farm,0.541,0.565,0.19,7.6,-1.6,1.2196
2026-02-02,29,2026-02-03 04:00:00,farm,0.587,0.607,0.19,7.71,-1.7,1.2201
2026-02-02,30,2026-02-03 05:00:00,farm,0.874,0.934,0.19,8.44,-1.4,1.2187
2026-02-02,31,2026-02-03 06:00:00,farm,0.466,0.469,0.19,7.32,-1.9,1.221
2026-02-02,32,2026-02-03 07:00:00,farm,0.079,0.046,0.19,4.99,-2.9,1.226
2026-02-02,33,2026-02-03 08:00:00,farm,0.0,0.0,0.19,1.53,-1.3,1.2212
2026-02-02,34,2026-02-03 09:00:00,farm,0.0,0.0,0.19,1.21,2.2,1.2071
2026-02-02,35,2026-02-03 10:00:00,farm,0.0,0.0,0.19,0.99,4.9,1.1956
2026-02-02,36,2026-02-03 11:00:00,farm,0.063,0.0,0.19,2.67,6.1,1.1912
2026-02-02,37,2026-02-03 12:00:00,farm,0.063,0.001,0.19,3.37,7.4,1.185
2026-02-02,38,2026-02-03 13:00:00,farm,0.061,0.002,0.19,3.72,8.4,1.18
2026-02-02,39,2026-02-03 14:00:00,farm,0.062,0.0,0.19,3.26,8.6,1.1791
2026-02-02,40,2026-02-03 15:00:00,farm,0.062,0.001,0.19,3.38,7.2,1.1849
2026-02-02,41,2026-02-03 16:00:00,farm,0.062,0.002,0.19,3.73,4.9,1.1944
2026-02-02,42,2026-02-03 17:00:00,farm,0.062,0.004,0.19,3.9,2.2,1.2057
2026-02-02,43,2026-02-03 18:00:00,farm,0.072,0.042,0.19,4.93,1.1,1.2114
2026-02-02,44,2026-02-03 19:00:00,farm,0.065,0.025,0.19,4.62,2.8,1.2046
2026-02-02,45,2026-02-03 20:00:00,farm,0.102,0.068,0.19,5.28,1.9,1.209
2026-02-02,46,2026-02-03 21:00:00,farm,0.368,0.396,0.19,7.1,2.1,1.209
2026-02-02,47,2026-02-03 22:00:00,farm,0.586,0.608,0.19,7.73,2.8,1.2065
2026-02-02,48,2026-02-03 23:00:00,farm,0.064,0.023,0.19,4.59,2.7,1.2076
2026-02-03,1,2026-02-03 00:00:00,farm,0.168,0.162,0.168,6.03,-1.2,1.2191
2026-02-03,2,2026-02-03 01:00:00,farm,0.219,0.242,0.168,6.47,-1.3,1.2193
2026-02-03,3,2026-02-03 02:00:00,farm,0.37,0.398,0.168,7.09,-1.7,1.2206
2026-02-03,4,2026-02-03 03:00:00,farm,0.541,0.565,0.168,7.6,-1.6,1.2196
2026-02-03,5,2026-02-03 04:00:00,farm,0.587,0.607,0.168,7.71,-1.7,1.2201
2026-02-03,6,2026-02-03 05:00:00,farm,0.874,0.934,0.168,8.44,-1.4,1.2187
2026-02-03,7,2026-02-03 06:00:00,farm,0.466,0.469,0.168,7.32,-1.9,1.221
2026-02-03,8,2026-02-03 07:00:00,farm,0.079,0.046,0.168,4.99,-2.9,1.226
2026-02-03,9,2026-02-03 08:00:00,farm,0.0,0.0,0.168,1.53,-1.3,1.2212
2026-02-03,10,2026-02-03 09:00:00,farm,0.0,0.0,0.168,1.21,2.2,1.2071
2026-02-03,11,2026-02-03 10:00:00,farm,0.0,0.0,0.168,0.99,4.9,1.1956
2026-02-03,12,2026-02-03 11:00:00,farm,0.063,0.0,0.168,2.67,6.1,1.1912
2026-02-03,13,2026-02-03 12:00:00,farm,0.063,0.001,0.168,3.37,7.4,1.185
2026-02-03,14,2026-02-03 13:00:00,farm,0.061,0.002,0.168,3.72,8.4,1.18
2026-02-03,15,2026-02-03 14:00:00,farm,0.062,0.0,0.168,3.26,8.6,1.1791
2026-02-03,16,2026-02-03 15:00:00,farm,0.062,0.001,0.168,3.38,7.2,1.1849
2026-02-03,17,2026-02-03 16:00:00,farm,0.062,0.002,0.168,3.73,4.9,1.1944
2026-02-03,18,2026-02-03 17:00:00,farm,0.062,0.004,0.168,3.9,2.2,1.2057
2026-02-03,19,2026-02-03 18:00:00,farm,0.072,0.042,0.168,4.93,1.1,1.2114
2026-02-03,20,2026-02-03 19:00:00,farm,0.065,0.025,0.168,4.62,2.8,1.2046
2026-02-03,21,2026-02-03 20:00:00,farm,0.102,0.068,0.168,5.28,1.9,1.209
2026-02-03,22,2026-02-03 21:00:00,farm,0.368,0.396,0.168,7.1,2.1,1.209
2026-02-03,23,2026-02-03 22:00:00,farm,0.586,0.608,0.168,7.73,2.8,1.2065
2026-02-03,24,2026-02-03 23:00:00,farm,0.064,0.023,0.168,4.59,2.7,1.2076
2026-02-03,25,2026-02-04 00:00:00,farm,0.062,0.004,0.168,3.89,2.7,1.2076
2026-02-03,26,2026-02-04 01:00:00,farm,0.19,0.188,0.168,6.2,3.0,1.2065
2026-02-03,27,2026-02-04 02:00:00,farm,0.116,0.104,0.168,5.63,2.7,1.2084
2026-02-03,28,2026-02-04 03:00:00,farm,0.062,0.009,0.168,4.15,2.1,1.2109
2026-02-03,29,2026-02-04 04:00:00,farm,0.066,0.024,0.168,4.61,2.0,1.2119
2026-02-03,30,2026-02-04 05:00:00,farm,0.103,0.062,0.168,5.21,2.5,1.2099
2026-02-03,31,2026-02-04 06:00:00,farm,0.103,0.069,0.168,5.29,2.3,1.2112
2026-02-03,32,2026-02-04 07:00:00,farm,0.117,0.098,0.168,5.57,2.5,1.2111
2026-02-03,33,2026-02-04 08:00:00,farm,0.112,0.088,0.168,5.48,2.8,1.2105
2026-02-03,34,2026-02-04 09:00:00,farm,0.083,0.048,0.168,5.02,2.9,1.2107
2026-02-03,35,2026-02-04 10:00:00,farm,0.179,0.163,0.168,6.05,3.8,1.2069
2026-02-03,36,2026-02-04 11:00:00,farm,0.201,0.184,0.168,6.18,5.6,1.1996
2026-02-03,37,2026-02-04 12:00:00,farm,0.073,0.024,0.168,4.61,7.0,1.1932
2026-02-03,38,2026-02-04 13:00:00,farm,0.069,0.008,0.168,4.14,8.1,1.1881
2026-02-03,39,2026-02-04 14:00:00,farm,0.062,0.004,0.168,3.91,9.0,1.1839
2026-02-03,40,2026-02-04 15:00:00,farm,0.062,0.0,0.168,3.23,8.7,1.1853
2026-02-03,41,2026-02-04 16:00:00,farm,0.0,0.0,0.168,2.39,6.7,1.1933
2026-02-03,42,2026-02-04 17:00:00,farm,0.0,0.0,0.168,1.04,3.6,1.206
2026-02-03,43,2026-02-04 18:00:00,farm,0.111,0.08,0.168,5.4,1.4,1.2154
2026-02-03,44,2026-02-04 19:00:00,farm,0.211,0.21,0.168,6.31,1.6,1.2157
2026-02-03,45,2026-02-04 20:00:00,farm,0.509,0.488,0.168,7.38,1.0,1.2185
2026-02-03,46,2026-02-04 21:00:00,farm,0.537,0.555,0.168,7.57,0.2,1.2219
2026-02-03,47,2026-02-04 22:00:00,farm,0.578,0.601,0.168,7.69,-0.4,1.2241
2026-02-03,48,2026-02-04 23:00:00,farm,0.863,0.912,0.168,8.39,-0.4,1.2232
2026-02-04,1,2026-02-04 00:00:00,farm,0.062,0.004,0.062,3.89,2.7,1.2076
2026-02-04,2,2026-02-04 01:00:00,farm,0.19,0.188,0.062,6.2,3.0,1.2065
2026-02-04,3,2026-02-04 02:00:00,farm,0.116,0.104,0.062,5.63,2.7,1.2084
2026-02-04,4,2026-02-04 03:00:00,farm,0.062,0.009,0.062,4.15,2.1,1.2109
2026-02-04,5,2026-02-04 04:00:00,farm,0.066,0.024,0.062,4.61,2.0,1.2119
2026-02-04,6,2026-02-04 05:00:00,farm,0.103,0.062,0.062,5.21,2.5,1.2099
2026-02-04,7,2026-02-04 06:00:00,farm,0.103,0.069,0.062,5.29,2.3,1.2112
2026-02-04,8,2026-02-04 07:00:00,farm,0.117,0.098,0.062,5.57,2.5,1.2111
2026-02-04,9,2026-02-04 08:00:00,farm,0.112,0.088,0.062,5.48,2.8,1.2105
2026-02-04,10,2026-02-04 09:00:00,farm,0.083,0.048,0.062,5.02,2.9,1.2107
2026-02-04,11,2026-02-04 10:00:00,farm,0.179,0.163,0.062,6.05,3.8,1.2069
2026-02-04,12,2026-02-04 11:00:00,farm,0.201,0.184,0.062,6.18,5.6,1.1996
2026-02-04,13,2026-02-04 12:00:00,farm,0.073,0.024,0.062,4.61,7.0,1.1932
2026-02-04,14,2026-02-04 13:00:00,farm,0.069,0.008,0.062,4.14,8.1,1.1881
2026-02-04,15,2026-02-04 14:00:00,farm,0.062,0.004,0.062,3.91,9.0,1.1839
2026-02-04,16,2026-02-04 15:00:00,farm,0.062,0.0,0.062,3.23,8.7,1.1853
2026-02-04,17,2026-02-04 16:00:00,farm,0.0,0.0,0.062,2.39,6.7,1.1933
2026-02-04,18,2026-02-04 17:00:00,farm,0.0,0.0,0.062,1.04,3.6,1.206
2026-02-04,19,2026-02-04 18:00:00,farm,0.111,0.08,0.062,5.4,1.4,1.2154
2026-02-04,20,2026-02-04 19:00:00,farm,0.211,0.21,0.062,6.31,1.6,1.2157
2026-02-04,21,2026-02-04 20:00:00,farm,0.509,0.488,0.062,7.38,1.0,1.2185
2026-02-04,22,2026-02-04 21:00:00,farm,0.537,0.555,0.062,7.57,0.2,1.2219
2026-02-04,23,2026-02-04 22:00:00,farm,0.578,0.601,0.062,7.69,-0.4,1.2241
2026-02-04,24,2026-02-04 23:00:00,farm,0.863,0.912,0.062,8.39,-0.4,1.2232
2026-02-04,25,2026-02-05 00:00:00,farm,0.952,0.972,0.062,8.51,0.2,1.2205
2026-02-04,26,2026-02-05 01:00:00,farm,0.762,0.802,0.062,8.17,0.3,1.2193
2026-02-04,27,2026-02-05 02:00:00,farm,1.034,1.057,0.062,8.67,0.5,1.2182
2026-02-04,28,2026-02-05 03:00:00,farm,1.563,1.562,0.062,9.46,0.7,1.2168
2026-02-04,29,2026-02-05 04:00:00,farm,2.232,2.26,0.062,10.31,0.9,1.215
2026-02-04,30,2026-02-05 05:00:00,farm,3.012,3.094,0.062,11.12,0.8,1.2139
2026-02-04,31,2026-02-05 06:00:00,farm,4.382,4.33,0.062,12.09,1.3,1.2108
2026-02-04,32,2026-02-05 07:00:00,farm,4.832,4.819,0.062,12.42,1.2,1.211
2026-02-04,33,2026-02-05 08:00:00,farm,4.143,4.125,0.062,11.95,1.8,1.2086
2026-02-04,34,2026-02-05 09:00:00,farm,3.2,3.323,0.062,11.34,2.9,1.2033
2026-02-04,35,2026-02-05 10:00:00,farm,3.321,3.314,0.062,11.35,4.4,1.1958
2026-02-04,36,2026-02-05 11:00:00,farm,3.755,3.812,0.062,11.77,6.3,1.1871
2026-02-04,37,2026-02-05 12:00:00,farm,3.381,3.312,0.062,11.38,7.2,1.1825
2026-02-04,38,2026-02-05 13:00:00,farm,1.548,1.541,0.062,9.5,7.9,1.1788
2026-02-04,39,2026-02-05 14:00:00,farm,1.05,1.043,0.062,8.71,8.0,1.1775
2026-02-04,40,2026-02-05 15:00:00,farm,0.56,0.602,0.062,7.75,7.5,1.1791
2026-02-04,41,2026-02-05 16:00:00,farm,0.583,0.616,0.062,7.78,6.2,1.1841
2026-02-04,42,2026-02-05 17:00:00,farm,0.508,0.509,0.062,7.47,2.9,1.1975
2026-02-04,43,2026-02-05 18:00:00,farm,0.455,0.435,0.062,7.23,0.6,1.2069
2026-02-04,44,2026-02-05 19:00:00,farm,0.517,0.508,0.062,7.45,-0.5,1.2114
2026-02-04,45,2026-02-05 20:00:00,farm,0.475,0.482,0.062,7.37,-0.9,1.2128
2026-02-04,46,2026-02-05 21:00:00,farm,0.387,0.41,0.062,7.14,-1.2,1.2136
2026-02-04,47,2026-02-05 22:00:00,farm,0.374,0.376,0.062,7.02,-1.3,1.2139
2026-02-04,48,2026-02-05 23:00:00,farm,0.263,0.265,0.062,6.58,-1.1,1.2134
2026-02-05,1,2026-02-05 00:00:00,farm,0.952,0.972,0.952,8.51,0.2,1.2205
2026-02-05,2,2026-02-05 01:00:00,farm,0.762,0.802,0.952,8.17,0.3,1.2193
2026-02-05,3,2026-02-05 02:00:00,farm,1.034,1.057,0.952,8.67,0.5,1.2182
2026-02-05,4,2026-02-05 03:00:00,farm,1.563,1.562,0.952,9.46,0.7,1.2168
2026-02-05,5,2026-02-05 04:00:00,farm,2.232,2.26,0.952,10.31,0.9,1.215
2026-02-05,6,2026-02-05 05:00:00,farm,3.012,3.094,0.952,11.12,0.8,1.2139
2026-02-05,7,2026-02-05 06:00:00,farm,4.382,4.33,0.952,12.09,1.3,1.2108
2026-02-05,8,2026-02-05 07:00:00,farm,4.832,4.819,0.952,12.42,1.2,1.211
2026-02-05,9,2026-02-05 08:00:00,farm,4.143,4.125,0.952,11.95,1.8,1.2086
2026-02-05,10,2026-02-05 09:00:00,farm,3.2,3.323,0.952,11.34,2.9,1.2033
2026-02-05,11,2026-02-05 10:00:00,farm,3.321,3.314,0.952,11.35,4.4,1.1958
2026-02-05,12,2026-02-05 11:00:00,farm,3.755,3.812,0.952,11.77,6.3,1.1871
2026-02-05,13,2026-02-05 12:00:00,farm,3.381,3.312,0.952,11.38,7.2,1.1825
2026-02-05,14,2026-02-05 13:00:00,farm,1.548,1.541,0.952,9.5,7.9,1.1788
2026-02-05,15,2026-02-05 14:00:00,farm,1.05,1.043,0.952,8.71,8.0,1.1775
2026-02-05,16,2026-02-05 15:00:00,farm,0.56,0.602,0.952,7.75,7.5,1.1791
2026-02-05,17,2026-02-05 16:00:00,farm,0.583,0.616,0.952,7.78,6.2,1.1841
2026-02-05,18,2026-02-05 17:00:00,farm,0.508,0.509,0.952,7.47,2.9,1.1975
2026-02-05,19,2026-02-05 18:00:00,farm,0.455,0.435,0.952,7.23,0.6,1.2069
2026-02-05,20,2026-02-05 19:00:00,farm,0.517,0.508,0.952,7.45,-0.5,1.2114
2026-02-05,21,2026-02-05 20:00:00,farm,0.475,0.482,0.952,7.37,-0.9,1.2128
2026-02-05,22,2026-02-05 21:00:00,farm,0.387,0.41,0.952,7.14,-1.2,1.2136
2026-02-05,23,2026-02-05 22:00:00,farm,0.374,0.376,0.952,7.02,-1.3,1.2139
2026-02-05,24,2026-02-05 23:00:00,farm,0.263,0.265,0.952,6.58,-1.1,1.2134
2026-02-05,25,2026-02-06 00:00:00,farm,0.168,0.168,0.952,6.07,-1.6,1.2155
2026-02-05,26,2026-02-06 01:00:00,farm,0.117,0.123,0.952,5.77,-1.6,1.2154
2026-02-05,27,2026-02-06 02:00:00,farm,0.101,0.07,0.952,5.3,-1.6,1.2156
2026-02-05,28,2026-02-06 03:00:00,farm,0.109,0.084,0.952,5.44,-1.5,1.2155
2026-02-05,29,2026-02-06 04:00:00,farm,0.112,0.088,0.952,5.48,-1.3,1.2152
2026-02-05,30,2026-02-06 05:00:00,farm,0.064,0.014,0.952,4.33,-1.2,1.2148
2026-02-05,31,2026-02-06 06:00:00,farm,0.063,0.001,0.952,3.53,-0.8,1.2141
2026-02-05,32,2026-02-06 07:00:00,farm,0.0,0.0,0.952,1.1,0.5,1.2106
2026-02-05,33,2026-02-06 08:00:00,farm,0.064,0.014,0.952,4.35,1.4,1.2092
2026-02-05,34,2026-02-06 09:00:00,farm,0.112,0.093,0.952,5.53,2.6,1.2055
2026-02-05,35,2026-02-06 10:00:00,farm,0.083,0.056,0.952,5.14,3.9,1.2011
2026-02-05,36,2026-02-06 11:00:00,farm,0.073,0.024,0.952,4.61,5.5,1.1943
2026-02-05,37,2026-02-06 12:00:00,farm,0.073,0.02,0.952,4.52,6.2,1.1912
2026-02-05,38,2026-02-06 13:00:00,farm,0.177,0.164,0.952,6.07,6.7,1.1889
2026-02-05,39,2026-02-06 14:00:00,farm,2.801,2.789,0.952,10.9,6.9,1.1884
2026-02-05,40,2026-02-06 15:00:00,farm,4.814,5.0,0.952,12.92,5.9,1.1941
2026-02-05,41,2026-02-06 16:00:00,farm,4.804,5.0,0.952,15.15,4.6,1.2008
2026-02-05,42,2026-02-06 17:00:00,farm,4.857,5.0,0.952,13.74,3.8,1.206
2026-02-05,43,2026-02-06 18:00:00,farm,4.803,5.0,0.952,13.09,2.7,1.2122
2026-02-05,44,2026-02-06 19:00:00,farm,4.838,5.0,0.952,13.02,0.8,1.2227
2026-02-05,45,2026-02-06 20:00:00,farm,4.344,4.442,0.952,12.13,0.4,1.226
2026-02-05,46,2026-02-06 21:00:00,farm,4.16,4.199,0.952,11.96,0.6,1.226
2026-02-05,47,2026-02-06 22:00:00,farm,4.376,4.56,0.952,12.21,0.8,1.2261
2026-02-05,48,2026-02-06 23:00:00,farm,2.519,2.565,0.952,10.6,0.5,1.2273
2026-02-06,1,2026-02-06 00:00:00,farm,0.168,0.168,0.168,6.07,-1.6,1.2155
2026-02-06,2,2026-02-06 01:00:00,farm,0.117,0.123,0.168,5.77,-1.6,1.2154
2026-02-06,3,2026-02-06 02:00:00,farm,0.101,0.07,0.168,5.3,-1.6,1.2156
2026-02-06,4,2026-02-06 03:00:00,farm,0.109,0.084,0.168,5.44,-1.5,1.2155
2026-02-06,5,2026-02-06 04:00:00,farm,0.112,0.088,0.168,5.48,-1.3,1.2152
2026-02-06,6,2026-02-06 05:00:00,farm,0.064,0.014,0.168,4.33,-1.2,1.2148
2026-02-06,7,2026-02-06 06:00:00,farm,0.063,0.001,0.168,3.53,-0.8,1.2141
2026-02-06,8,2026-02-06 07:00:00,farm,0.0,0.0,0.168,1.1,0.5,1.2106
2026-02-06,9,2026-02-06 08:00:00,farm,0.064,0.014,0.168,4.35,1.4,1.2092
2026-02-06,10,2026-02-06 09:00:00,farm,0.112,0.093,0.168,5.53,2.6,1.2055
2026-02-06,11,2026-02-06 10:00:00,farm,0.083,0.056,0.168,5.14,3.9,1.2011
2026-02-06,12,2026-02-06 11:00:00,farm,0.073,0.024,0.168,4.61,5.5,1.1943
2026-02-06,13,2026-02-06 12:00:00,farm,0.073,0.02,0.168,4.52,6.2,1.1912
2026-02-06,14,2026-02-06 13:00:00,farm,0.177,0.164,0.168,6.07,6.7,1.1889
2026-02-06,15,2026-02-06 14:00:00,farm,2.801,2.789,0.168,10.9,6.9,1.1884
2026-02-06,16,2026-02-06 15:00:00,farm,4.814,5.0,0.168,12.92,5.9,1.1941
2026-02-06,17,2026-02-06 16:00:00,farm,4.804,5.0,0.168,15.15,4.6,1.2008
2026-02-06,18,2026-02-06 17:00:00,farm,4.857,5.0,0.168,13.74,3.8,1.206
2026-02-06,19,2026-02-06 18:00:00,farm,4.803,5.0,0.168,13.09,2.7,1.2122
2026-02-06,20,2026-02-06 19:00:00,farm,4.838,5.0,0.168,13.02,0.8,1.2227
2026-02-06,21,2026-02-06 20:00:00,farm,4.344,4.442,0.168,12.13,0.4,1.226
2026-02-06,22,2026-02-06 21:00:00,farm,4.16,4.199,0.168,11.96,0.6,1.226
2026-02-06,23,2026-02-06 22:00:00,farm,4.376,4.56,0.168,12.21,0.8,1.2261
2026-02-06,24,2026-02-06 23:00:00,farm,2.519,2.565,0.168,10.6,0.5,1.2273
2026-02-06,25,2026-02-07 00:00:00,farm,1.276,1.309,0.168,9.07,0.1,1.2296
2026-02-06,26,2026-02-07 01:00:00,farm,0.695,0.702,0.168,7.93,-0.1,1.2305
2026-02-06,27,2026-02-07 02:00:00,farm,0.46,0.479,0.168,7.34,-0.2,1.2305
2026-02-06,28,2026-02-07 03:00:00,farm,0.31,0.311,0.168,6.76,-0.4,1.2309
2026-02-06,29,2026-02-07 04:00:00,farm,0.11,0.072,0.168,5.3,-0.4,1.2307
2026-02-06,30,2026-02-07 05:00:00,farm,0.073,0.039,0.168,4.88,-0.7,1.2309
2026-02-06,31,2026-02-07 06:00:00,farm,0.0,0.0,0.168,0.4,-2.2,1.2368
2026-02-06,32,2026-02-07 07:00:00,farm,0.078,0.0,0.168,2.89,-3.1,1.2414
2026-02-06,33,2026-02-07 08:00:00,farm,0.063,0.008,0.168,4.11,-1.4,1.234
2026-02-06,34,2026-02-07 09:00:00,farm,0.081,0.035,0.168,4.81,0.5,1.2253
2026-02-06,35,2026-02-07 10:00:00,farm,0.22,0.213,0.168,6.32,1.5,1.2196
2026-02-06,36,2026-02-07 11:00:00,farm,0.481,0.516,0.168,7.47,2.5,1.2146
2026-02-06,37,2026-02-07 12:00:00,farm,0.248,0.276,0.168,6.63,3.0,1.211
2026-02-06,38,2026-02-07 13:00:00,farm,0.222,0.244,0.168,6.49,3.4,1.208
2026-02-06,39,2026-02-07 14:00:00,farm,0.09,0.056,0.168,5.14,4.0,1.2049
2026-02-06,40,2026-02-07 15:00:00,farm,0.073,0.024,0.168,4.6,3.6,1.2065
2026-02-06,41,2026-02-07 16:00:00,farm,0.062,0.006,0.168,3.99,2.2,1.2124
2026-02-06,42,2026-02-07 17:00:00,farm,0.111,0.086,0.168,5.45,0.9,1.219
2026-02-06,43,2026-02-07 18:00:00,farm,0.223,0.215,0.168,6.33,0.3,1.2225
2026-02-06,44,2026-02-07 19:00:00,farm,0.303,0.325,0.168,6.82,0.2,1.2229
2026-02-06,45,2026-02-07 20:00:00,farm,0.275,0.29,0.168,6.68,-0.1,1.2248
2026-02-06,46,2026-02-07 21:00:00,farm,0.469,0.478,0.168,7.34,-0.5,1.2272
2026-02-06,47,2026-02-07 22:00:00,farm,0.74,0.732,0.168,8.0,-0.8,1.229
2026-02-06,48,2026-02-07 23:00:00,farm,0.973,0.979,0.168,8.51,-0.7,1.2288
2026-02-07,1,2026-02-07 00:00:00,farm,1.276,1.309,1.276,9.07,0.1,1.2296
2026-02-07,2,2026-02-07 01:00:00,farm,0.695,0.702,1.276,7.93,-0.1,1.2305
2026-02-07,3,2026-02-07 02:00:00,farm,0.46,0.479,1.276,7.34,-0.2,1.2305
2026-02-07,4,2026-02-07 03:00:00,farm,0.31,0.311,1.276,6.76,-0.4,1.2309
2026-02-07,5,2026-02-07 04:00:00,farm,0.11,0.072,1.276,5.3,-0.4,1.2307
2026-02-07,6,2026-02-07 05:00:00,farm,0.073,0.039,1.276,4.88,-0.7,1.2309
2026-02-07,7,2026-02-07 06:00:00,farm,0.0,0.0,1.276,0.4,-2.2,1.2368
2026-02-07,8,2026-02-07 07:00:00,farm,0.078,0.0,1.276,2.89,-3.1,1.2414
2026-02-07,9,2026-02-07 08:00:00,farm,0.063,0.008,1.276,4.11,-1.4,1.234
2026-02-07,10,2026-02-07 09:00:00,farm,0.081,0.035,1.276,4.81,0.5,1.2253
2026-02-07,11,2026-02-07 10:00:00,farm,0.22,0.213,1.276,6.32,1.5,1.2196
2026-02-07,12,2026-02-07 11:00:00,farm,0.481,0.516,1.276,7.47,2.5,1.2146
2026-02-07,13,2026-02-07 12:00:00,farm,0.248,0.276,1.276,6.63,3.0,1.211
2026-02-07,14,2026-02-07 13:00:00,farm,0.222,0.244,1.276,6.49,3.4,1.208
2026-02-07,15,2026-02-07 14:00:00,farm,0.09,0.056,1.276,5.14,4.0,1.2049
2026-02-07,16,2026-02-07 15:00:00,farm,0.073,0.024,1.276,4.6,3.6,1.2065
2026-02-07,17,2026-02-07 16:00:00,farm,0.062,0.006,1.276,3.99,2.2,1.2124
2026-02-07,18,2026-02-07 17:00:00,farm,0.111,0.086,1.276,5.45,0.9,1.219
2026-02-07,19,2026-02-07 18:00:00,farm,0.223,0.215,1.276,6.33,0.3,1.2225
2026-02-07,20,2026-02-07 19:00:00,farm,0.303,0.325,1.276,6.82,0.2,1.2229
2026-02-07,21,2026-02-07 20:00:00,farm,0.275,0.29,1.276,6.68,-0.1,1.2248
2026-02-07,22,2026-02-07 21:00:00,farm,0.469,0.478,1.276,7.34,-0.5,1.2272
2026-02-07,23,2026-02-07 22:00:00,farm,0.74,0.732,1.276,8.0,-0.8,1.229
2026-02-07,24,2026-02-07 23:00:00,farm,0.973,0.979,1.276,8.51,-0.7,1.2288
2026-02-07,25,2026-02-08 00:00:00,farm,0.723,0.746,1.276,8.03,-1.0,1.2306
2026-02-07,26,2026-02-08 01:00:00,farm,0.586,0.624,1.276,7.74,-1.2,1.2318
2026-02-07,27,2026-02-08 02:00:00,farm,0.969,0.988,1.276,8.52,-1.5,1.2337
2026-02-07,28,2026-02-08 03:00:00,farm,1.936,1.956,1.276,9.93,-1.5,1.2342
2026-02-07,29,2026-02-08 04:00:00,farm,1.495,1.517,1.276,9.37,-1.0,1.2323
2026-02-07,30,2026-02-08 05:00:00,farm,1.06,1.086,1.276,8.7,-0.8,1.2318
2026-02-07,31,2026-02-08 06:00:00,farm,0.701,0.707,1.276,7.94,-0.6,1.231
2026-02-07,32,2026-02-08 07:00:00,farm,0.178,0.157,1.276,5.99,-0.6,1.2312
2026-02-07,33,2026-02-08 08:00:00,farm,0.066,0.019,1.276,4.48,-0.6,1.2318
2026-02-07,34,2026-02-08 09:00:00,farm,0.063,0.0,1.276,2.75,0.1,1.2285
2026-02-07,35,2026-02-08 10:00:00,farm,0.0,0.0,1.276,1.79,0.5,1.2262
2026-02-07,36,2026-02-08 11:00:00,farm,0.0,0.0,1.276,1.14,3.2,1.2137
2026-02-07,37,2026-02-08 12:00:00,farm,0.0,0.0,1.276,1.69,3.6,1.2104
2026-02-07,38,2026-02-08 13:00:00,farm,0.062,0.003,1.276,3.74,4.3,1.2064
2026-02-07,39,2026-02-08 14:00:00,farm,0.147,0.147,1.276,5.95,4.3,1.2056
2026-02-07,40,2026-02-08 15:00:00,farm,0.716,0.74,1.276,8.05,3.9,1.2066
2026-02-07,41,2026-02-08 16:00:00,farm,1.538,1.546,1.276,9.45,2.8,1.2104
2026-02-07,42,2026-02-08 17:00:00,farm,2.543,2.586,1.276,10.64,0.8,1.2181
2026-02-07,43,2026-02-08 18:00:00,farm,2.8,2.808,1.276,10.84,-0.6,1.2237
2026-02-07,44,2026-02-08 19:00:00,farm,3.504,3.507,1.276,11.44,-1.0,1.2254
2026-02-07,45,2026-02-08 20:00:00,farm,4.001,4.061,1.276,11.87,-0.4,1.2223
2026-02-07,46,2026-02-08 21:00:00,farm,4.175,4.19,1.276,11.96,-0.9,1.2235
2026-02-07,47,2026-02-08 22:00:00,farm,4.828,4.917,1.276,12.45,-1.3,1.2238
2026-02-07,48,2026-02-08 23:00:00,farm,4.837,5.0,1.276,13.31,-0.9,1.2208
2026-02-08,1,2026-02-08 00:00:00,farm,0.723,0.746,0.723,8.03,-1.0,1.2306
2026-02-08,2,2026-02-08 01:00:00,farm,0.586,0.624,0.723,7.74,-1.2,1.2318
2026-02-08,3,2026-02-08 02:00:00,farm,0.969,0.988,0.723,8.52,-1.5,1.2337
2026-02-08,4,2026-02-08 03:00:00,farm,1.936,1.956,0.723,9.93,-1.5,1.2342
2026-02-08,5,2026-02-08 04:00:00,farm,1.495,1.517,0.723,9.37,-1.0,1.2323
2026-02-08,6,2026-02-08 05:00:00,farm,1.06,1.086,0.723,8.7,-0.8,1.2318
2026-02-08,7,2026-02-08 06:00:00,farm,0.701,0.707,0.723,7.94,-0.6,1.231
2026-02-08,8,2026-02-08 07:00:00,farm,0.178,0.157,0.723,5.99,-0.6,1.2312
2026-02-08,9,2026-02-08 08:00:00,farm,0.066,0.019,0.723,4.48,-0.6,1.2318
2026-02-08,10,2026-02-08 09:00:00,farm,0.063,0.0,0.723,2.75,0.1,1.2285
2026-02-08,11,2026-02-08 10:00:00,farm,0.0,0.0,0.723,1.79,0.5,1.2262
2026-02-08,12,2026-02-08 11:00:00,farm,0.0,0.0,0.723,1.14,3.2,1.2137
2026-02-08,13,2026-02-08 12:00:00,farm,0.0,0.0,0.723,1.69,3.6,1.2104
2026-02-08,14,2026-02-08 13:00:00,farm,0.062,0.003,0.723,3.74,4.3,1.2064
2026-02-08,15,2026-02-08 14:00:00,farm,0.147,0.147,0.723,5.95,4.3,1.2056
2026-02-08,16,2026-02-08 15:00:00,farm,0.716,0.74,0.723,8.05,3.9,1.2066
2026-02-08,17,2026-02-08 16:00:00,farm,1.538,1.546,0.723,9.45,2.8,1.2104
2026-02-08,18,2026-02-08 17:00:00,farm,2.543,2.586,0.723,10.64,0.8,1.2181
2026-02-08,19,2026-02-08 18:00:00,farm,2.8,2.808,0.723,10.84,-0.6,1.2237
2026-02-08,20,2026-02-08 19:00:00,farm,3.504,3.507,0.723,11.44,-1.0,1.2254
2026-02-08,21,2026-02-08 20:00:00,farm,4.001,4.061,0.723,11.87,-0.4,1.2223
2026-02-08,22,2026-02-08 21:00:00,farm,4.175,4.19,0.723,11.96,-0.9,1.2235
2026-02-08,23,2026-02-08 22:00:00,farm,4.828,4.917,0.723,12.45,-1.3,1.2238
2026-02-08,24,2026-02-08 23:00:00,farm,4.837,5.0,0.723,13.31,-0.9,1.2208
2026-02-08,25,2026-02-09 00:00:00,farm,4.312,4.521,0.723,12.2,-1.0,1.2197
2026-02-08,26,2026-02-09 01:00:00,farm,4.377,4.517,0.723,12.2,-1.1,1.2185
2026-02-08,27,2026-02-09 02:00:00,farm,4.25,4.379,0.723,12.11,-1.1,1.2166
2026-02-08,28,2026-02-09 03:00:00,farm,3.77,3.888,0.723,11.76,-1.2,1.2151
2026-02-08,29,2026-02-09 04:00:00,farm,3.583,3.653,0.723,11.58,-1.4,1.2146
2026-02-08,30,2026-02-09 05:00:00,farm,2.713,2.705,0.723,10.76,-1.9,1.216
2026-02-08,31,2026-02-09 06:00:00,farm,1.794,1.849,0.723,9.83,-2.8,1.2194
2026-02-08,32,2026-02-09 07:00:00,farm,1.913,2.05,0.723,10.07,-2.9,1.2189
2026-02-08,33,2026-02-09 08:00:00,farm,1.824,1.876,0.723,9.87,-2.2,1.2154
2026-02-08,34,2026-02-09 09:00:00,farm,1.659,1.655,0.723,9.61,0.3,1.2043
2026-02-08,35,2026-02-09 10:00:00,farm,1.446,1.411,0.723,9.29,3.1,1.1912
2026-02-08,36,2026-02-09 11:00:00,farm,1.228,1.273,0.723,9.09,4.7,1.1839
2026-02-08,37,2026-02-09 12:00:00,farm,1.664,1.663,0.723,9.67,5.9,1.1771
2026-02-08,38,2026-02-09 13:00:00,farm,1.552,1.583,0.723,9.57,6.7,1.1722
2026-02-08,39,2026-02-09 14:00:00,farm,1.132,1.127,0.723,8.87,6.9,1.1708
2026-02-08,40,2026-02-09 15:00:00,farm,0.761,0.794,0.723,8.22,6.5,1.1718
2026-02-08,41,2026-02-09 16:00:00,farm,0.648,0.678,0.723,7.95,5.4,1.1755
2026-02-08,42,2026-02-09 17:00:00,farm,0.639,0.681,0.723,7.94,2.4,1.1878
2026-02-08,43,2026-02-09 18:00:00,farm,0.373,0.37,0.723,7.02,0.4,1.1957
2026-02-08,44,2026-02-09 19:00:00,farm,0.218,0.247,0.723,6.51,-0.6,1.1999
2026-02-08,45,2026-02-09 20:00:00,farm,0.124,0.095,0.723,5.55,-1.4,1.2039
2026-02-08,46,2026-02-09 21:00:00,farm,0.14,0.144,0.723,5.93,-0.7,1.2009
2026-02-08,47,2026-02-09 22:00:00,farm,0.061,0.01,0.723,4.22,-0.6,1.2015
2026-02-08,48,2026-02-09 23:00:00,farm,0.061,0.0,0.723,3.32,0.6,1.1973
2026-02-09,1,2026-02-09 00:00:00,farm,4.312,4.521,4.312,12.2,-1.0,1.2197
2026-02-09,2,2026-02-09 01:00:00,farm,4.377,4.517,4.312,12.2,-1.1,1.2185
2026-02-09,3,2026-02-09 02:00:00,farm,4.25,4.379,4.312,12.11,-1.1,1.2166
2026-02-09,4,2026-02-09 03:00:00,farm,3.77,3.888,4.312,11.76,-1.2,1.2151
2026-02-09,5,2026-02-09 04:00:00,farm,3.583,3.653,4.312,11.58,-1.4,1.2146
2026-02-09,6,2026-02-09 05:00:00,farm,2.713,2.705,4.312,10.76,-1.9,1.216
2026-02-09,7,2026-02-09 06:00:00,farm,1.794,1.849,4.312,9.83,-2.8,1.2194
2026-02-09,8,2026-02-09 07:00:00,farm,1.913,2.05,4.312,10.07,-2.9,1.2189
2026-02-09,9,2026-02-09 08:00:00,farm,1.824,1.876,4.312,9.87,-2.2,1.2154
2026-02-09,10,2026-02-09 09:00:00,farm,1.659,1.655,4.312,9.61,0.3,1.2043
2026-02-09,11,2026-02-09 10:00:00,farm,1.446,1.411,4.312,9.29,3.1,1.1912
2026-02-09,12,2026-02-09 11:00:00,farm,1.228,1.273,4.312,9.09,4.7,1.1839
2026-02-09,13,2026-02-09 12:00:00,farm,1.664,1.663,4.312,9.67,5.9,1.1771
2026-02-09,14,2026-02-09 13:00:00,farm,1.552,1.583,4.312,9.57,6.7,1.1722
2026-02-09,15,2026-02-09 14:00:00,farm,1.132,1.127,4.312,8.87,6.9,1.1708
2026-02-09,16,2026-02-09 15:00:00,farm,0.761,0.794,4.312,8.22,6.5,1.1718
2026-02-09,17,2026-02-09 16:00:00,farm,0.648,0.678,4.312,7.95,5.4,1.1755
2026-02-09,18,2026-02-09 17:00:00,farm,0.639,0.681,4.312,7.94,2.4,1.1878
2026-02-09,19,2026-02-09 18:00:00,farm,0.373,0.37,4.312,7.02,0.4,1.1957
2026-02-09,20,2026-02-09 19:00:00,farm,0.218,0.247,4.312,6.51,-0.6,1.1999
2026-02-09,21,2026-02-09 20:00:00,farm,0.124,0.095,4.312,5.55,-1.4,1.2039
2026-02-09,22,2026-02-09 21:00:00,farm,0.14,0.144,4.312,5.93,-0.7,1.2009
2026-02-09,23,2026-02-09 22:00:00,farm,0.061,0.01,4.312,4.22,-0.6,1.2015
2026-02-09,24,2026-02-09 23:00:00,farm,0.061,0.0,4.312,3.32,0.6,1.1973
2026-02-09,25,2026-02-10 00:00:00,farm,0.082,0.047,4.312,5.02,0.5,1.1965
2026-02-09,26,2026-02-10 01:00:00,farm,0.294,0.3,4.312,6.75,0.4,1.1961
2026-02-09,27,2026-02-10 02:00:00,farm,0.117,0.107,4.312,5.66,-0.7,1.202
2026-02-09,28,2026-02-10 03:00:00,farm,0.065,0.021,4.312,4.55,-0.5,1.2018
2026-02-09,29,2026-02-10 04:00:00,farm,0.103,0.061,4.312,5.21,0.1,1.1988
2026-02-09,30,2026-02-10 05:00:00,farm,0.063,0.0,4.312,2.62,1.0,1.1959
2026-02-09,31,2026-02-10 06:00:00,farm,0.0,0.0,4.312,0.87,2.6,1.1909
2026-02-09,32,2026-02-10 07:00:00,farm,0.063,0.001,4.312,3.65,-0.2,1.2046
2026-02-09,33,2026-02-10 08:00:00,farm,0.063,0.001,4.312,3.4,1.6,1.1992
2026-02-09,34,2026-02-10 09:00:00,farm,0.063,0.003,4.312,3.78,5.0,1.1867
2026-02-09,35,2026-02-10 10:00:00,farm,0.133,0.129,4.312,5.84,6.2,1.1833
2026-02-09,36,2026-02-10 11:00:00,farm,0.063,0.001,4.312,3.54,7.2,1.1806
2026-02-09,37,2026-02-10 12:00:00,farm,0.062,0.004,4.312,3.9,7.9,1.1776
2026-02-09,38,2026-02-10 13:00:00,farm,0.146,0.141,4.312,5.94,9.6,1.1708
2026-02-09,39,2026-02-10 14:00:00,farm,0.478,0.466,4.312,7.38,11.4,1.1632
2026-02-09,40,2026-02-10 15:00:00,farm,0.185,0.158,4.312,6.05,11.0,1.1644
2026-02-09,41,2026-02-10 16:00:00,farm,0.082,0.053,4.312,5.12,8.8,1.1729
2026-02-09,42,2026-02-10 17:00:00,farm,0.459,0.458,4.312,7.33,6.1,1.184
2026-02-09,43,2026-02-10 18:00:00,farm,0.147,0.15,4.312,5.98,4.0,1.1916
2026-02-09,44,2026-02-10 19:00:00,farm,0.073,0.016,4.312,4.41,2.5,1.1971
2026-02-09,45,2026-02-10 20:00:00,farm,0.179,0.164,4.312,6.06,1.1,1.2032
2026-02-09,46,2026-02-10 21:00:00,farm,1.188,1.26,4.312,9.04,1.6,1.2016
2026-02-09,47,2026-02-10 22:00:00,farm,2.526,2.551,4.312,10.64,1.4,1.2017
2026-02-09,48,2026-02-10 23:00:00,farm,2.54,2.627,4.312,10.72,1.6,1.1995
2026-02-10,1,2026-02-10 00:00:00,farm,0.082,0.047,0.082,5.02,0.5,1.1965
2026-02-10,2,2026-02-10 01:00:00,farm,0.294,0.3,0.082,6.75,0.4,1.1961
2026-02-10,3,2026-02-10 02:00:00,farm,0.117,0.107,0.082,5.66,-0.7,1.202
2026-02-10,4,2026-02-10 03:00:00,farm,0.065,0.021,0.082,4.55,-0.5,1.2018
2026-02-10,5,2026-02-10 04:00:00,farm,0.103,0.061,0.082,5.21,0.1,1.1988
2026-02-10,6,2026-02-10 05:00:00,farm,0.063,0.0,0.082,2.62,1.0,1.1959
2026-02-10,7,2026-02-10 06:00:00,farm,0.0,0.0,0.082,0.87,2.6,1.1909
2026-02-10,8,2026-02-10 07:00:00,farm,0.063,0.001,0.082,3.65,-0.2,1.2046
2026-02-10,9,2026-02-10 08:00:00,farm,0.063,0.001,0.082,3.4,1.6,1.1992
2026-02-10,10,2026-02-10 09:00:00,farm,0.063,0.003,0.082,3.78,5.0,1.1867
2026-02-10,11,2026-02-10 10:00:00,farm,0.133,0.129,0.082,5.84,6.2,1.1833
2026-02-10,12,2026-02-10 11:00:00,farm,0.063,0.001,0.082,3.54,7.2,1.1806
2026-02-10,13,2026-02-10 12:00:00,farm,0.062,0.004,0.082,3.9,7.9,1.1776
2026-02-10,14,2026-02-10 13:00:00,farm,0.146,0.141,0.082,5.94,9.6,1.1708
2026-02-10,15,2026-02-10 14:00:00,farm,0.478,0.466,0.082,7.38,11.4,1.1632
2026-02-10,16,2026-02-10 15:00:00,farm,0.185,0.158,0.082,6.05,11.0,1.1644
2026-02-10,17,2026-02-10 16:00:00,farm,0.082,0.053,0.082,5.12,8.8,1.1729
2026-02-10,18,2026-02-10 17:00:00,farm,0.459,0.458,0.082,7.33,6.1,1.184
2026-02-10,19,2026-02-10 18:00:00,farm,0.147,0.15,0.082,5.98,4.0,1.1916
2026-02-10,20,2026-02-10 19:00:00,farm,0.073,0.016,0.082,4.41,2.5,1.1971
2026-02-10,21,2026-02-10 20:00:00,farm,0.179,0.164,0.082,6.06,1.1,1.2032
2026-02-10,22,2026-02-10 21:00:00,farm,1.188,1.26,0.082,9.04,1.6,1.2016
2026-02-10,23,2026-02-10 22:00:00,farm,2.526,2.551,0.082,10.64,1.4,1.2017
2026-02-10,24,2026-02-10 23:00:00,farm,2.54,2.627,0.082,10.72,1.6,1.1995
2026-02-10,25,2026-02-11 00:00:00,farm,3.877,4.107,0.082,11.97,2.6,1.1951
2026-02-10,26,2026-02-11 01:00:00,farm,3.03,2.952,0.082,11.03,2.1,1.1977
2026-02-10,27,2026-02-11 02:00:00,farm,1.118,1.238,0.082,9.0,0.8,1.2046
2026-02-10,28,2026-02-11 03:00:00,farm,0.631,0.685,0.082,7.92,-0.1,1.2085
2026-02-10,29,2026-02-11 04:00:00,farm,0.083,0.053,0.082,5.09,-0.7,1.213
2026-02-10,30,2026-02-11 05:00:00,farm,0.063,0.0,0.082,2.59,-0.5,1.2155
2026-02-10,31,2026-02-11 06:00:00,farm,0.133,0.12,0.082,5.75,1.3,1.207
2026-02-10,32,2026-02-11 07:00:00,farm,0.062,0.0,0.082,3.31,1.5,1.2048
2026-02-10,33,2026-02-11 08:00:00,farm,0.063,0.0,0.082,3.29,2.8,1.1989
2026-02-10,34,2026-02-11 09:00:00,farm,0.081,0.031,0.082,4.76,5.7,1.1863
2026-02-10,35,2026-02-11 10:00:00,farm,0.133,0.107,0.082,5.68,8.1,1.1754
2026-02-10,36,2026-02-11 11:00:00,farm,2.183,2.224,0.082,10.36,8.8,1.1714
2026-02-10,37,2026-02-11 12:00:00,farm,1.32,1.356,0.082,9.24,8.7,1.1725
2026-02-10,38,2026-02-11 13:00:00,farm,0.199,0.194,0.082,6.26,8.7,1.1744
2026-02-10,39,2026-02-11 14:00:00,farm,0.747,0.786,0.082,8.2,9.7,1.1739
2026-02-10,40,2026-02-11 15:00:00,farm,1.956,2.033,0.082,10.11,6.3,1.1883
2026-02-10,41,2026-02-11 16:00:00,farm,1.858,1.897,0.082,9.93,4.4,1.1974
2026-02-10,42,2026-02-11 17:00:00,farm,4.288,4.254,0.082,12.05,2.6,1.2056
2026-02-10,43,2026-02-11 18:00:00,farm,4.88,5.0,0.082,12.97,2.7,1.2072
2026-02-10,44,2026-02-11 19:00:00,farm,2.968,3.026,0.082,11.06,1.4,1.2142
2026-02-10,45,2026-02-11 20:00:00,farm,1.671,1.714,0.082,9.66,0.6,1.2185
2026-02-10,46,2026-02-11 21:00:00,farm,1.485,1.487,0.082,9.35,0.3,1.2202
2026-02-10,47,2026-02-11 22:00:00,farm,1.671,1.724,0.082,9.67,0.3,1.2206
2026-02-10,48,2026-02-11 23:00:00,farm,0.505,0.505,0.082,7.43,0.1,1.221
2026-02-11,1,2026-02-11 00:00:00,farm,3.877,4.107,3.877,11.97,2.6,1.1951
2026-02-11,2,2026-02-11 01:00:00,farm,3.03,2.952,3.877,11.03,2.1,1.1977
2026-02-11,3,2026-02-11 02:00:00,farm,1.118,1.238,3.877,9.0,0.8,1.2046
2026-02-11,4,2026-02-11 03:00:00,farm,0.631,0.685,3.877,7.92,-0.1,1.2085
2026-02-11,5,2026-02-11 04:00:00,farm,0.083,0.053,3.877,5.09,-0.7,1.213
2026-02-11,6,2026-02-11 05:00:00,farm,0.063,0.0,3.877,2.59,-0.5,1.2155
2026-02-11,7,2026-02-11 06:00:00,farm,0.133,0.12,3.877,5.75,1.3,1.207
2026-02-11,8,2026-02-11 07:00:00,farm,0.062,0.0,3.877,3.31,1.5,1.2048
2026-02-11,9,2026-02-11 08:00:00,farm,0.063,0.0,3.877,3.29,2.8,1.1989
2026-02-11,10,2026-02-11 09:00:00,farm,0.081,0.031,3.877,4.76,5.7,1.1863
2026-02-11,11,2026-02-11 10:00:00,farm,0.133,0.107,3.877,5.68,8.1,1.1754
2026-02-11,12,2026-02-11 11:00:00,farm,2.183,2.224,3.877,10.36,8.8,1.1714
2026-02-11,13,2026-02-11 12:00:00,farm,1.32,1.356,3.877,9.24,8.7,1.1725
2026-02-11,14,2026-02-11 13:00:00,farm,0.199,0.194,3.877,6.26,8.7,1.1744
2026-02-11,15,2026-02-11 14:00:00,farm,0.747,0.786,3.877,8.2,9.7,1.1739
2026-02-11,16,2026-02-11 15:00:00,farm,1.956,2.033,3.877,10.11,6.3,1.1883
2026-02-11,17,2026-02-11 16:00:00,farm,1.858,1.897,3.877,9.93,4.4,1.1974
2026-02-11,18,2026-02-11 17:00:00,farm,4.288,4.254,3.877,12.05,2.6,1.2056
2026-02-11,19,2026-02-11 18:00:00,farm,4.88,5.0,3.877,12.97,2.7,1.2072
2026-02-11,20,2026-02-11 19:00:00,farm,2.968,3.026,3.877,11.06,1.4,1.2142
2026-02-11,21,2026-02-11 20:00:00,farm,1.671,1.714,3.877,9.66,0.6,1.2185
2026-02-11,22,2026-02-11 21:00:00,farm,1.485,1.487,3.877,9.35,0.3,1.2202
2026-02-11,23,2026-02-11 22:00:00,farm,1.671,1.724,3.877,9.67,0.3,1.2206
2026-02-11,24,2026-02-11 23:00:00,farm,0.505,0.505,3.877,7.43,0.1,1.221
2026-02-11,25,2026-02-12 00:00:00,farm,0.258,0.269,3.877,6.59,0.1,1.221
2026-02-11,26,2026-02-12 01:00:00,farm,0.133,0.118,3.877,5.73,0.0,1.2213
2026-02-11,27,2026-02-12 02:00:00,farm,0.072,0.032,3.877,4.76,0.4,1.2199
2026-02-11,28,2026-02-12 03:00:00,farm,0.062,0.002,3.877,3.68,0.2,1.22
2026-02-11,29,2026-02-12 04:00:00,farm,0.063,0.0,3.877,2.82,-0.1,1.2213
2026-02-11,30,2026-02-12 05:00:00,farm,0.063,0.0,3.877,2.96,0.4,1.2197
2026-02-11,31,2026-02-12 06:00:00,farm,0.0,0.0,3.877,1.4,-0.1,1.2224
2026-02-11,32,2026-02-12 07:00:00,farm,0.063,0.0,3.877,2.59,-0.3,1.2243
2026-02-11,33,2026-02-12 08:00:00,farm,0.0,0.0,3.877,1.03,0.2,1.2218
2026-02-11,34,2026-02-12 09:00:00,farm,0.0,0.0,3.877,1.87,0.4,1.221
2026-02-11,35,2026-02-12 10:00:00,farm,0.0,0.0,3.877,2.44,0.4,1.2208
2026-02-11,36,2026-02-12 11:00:00,farm,0.0,0.0,3.877,2.41,0.2,1.2208
2026-02-11,37,2026-02-12 12:00:00,farm,0.062,0.002,3.877,3.69,1.7,1.2125
2026-02-11,38,2026-02-12 13:00:00,farm,0.062,0.001,3.877,3.57,2.7,1.2077
2026-02-11,39,2026-02-12 14:00:00,farm,0.062,0.0,3.877,2.66,3.1,1.205
2026-02-11,40,2026-02-12 15:00:00,farm,0.062,0.0,3.877,3.14,2.6,1.2063
2026-02-11,41,2026-02-12 16:00:00,farm,0.062,0.001,3.877,3.36,2.4,1.2068
2026-02-11,42,2026-02-12 17:00:00,farm,0.062,0.0,3.877,2.57,1.5,1.2103
2026-02-11,43,2026-02-12 18:00:00,farm,0.064,0.001,3.877,3.64,0.4,1.2163
2026-02-11,44,2026-02-12 19:00:00,farm,0.112,0.091,3.877,5.5,-0.5,1.2217
2026-02-11,45,2026-02-12 20:00:00,farm,0.064,0.0,3.877,3.06,-0.5,1.2216
2026-02-11,46,2026-02-12 21:00:00,farm,0.0,0.0,3.877,1.2,-1.2,1.224
2026-02-11,47,2026-02-12 22:00:00,farm,0.066,0.0,3.877,2.96,-1.7,1.2264
2026-02-11,48,2026-02-12 23:00:00,farm,0.0,0.0,3.877,0.78,-1.5,1.2252
2026-02-12,1,2026-02-12 00:00:00,farm,0.258,0.269,0.258,6.59,0.1,1.221
2026-02-12,2,2026-02-12 01:00:00,farm,0.133,0.118,0.258,5.73,0.0,1.2213
2026-02-12,3,2026-02-12 02:00:00,farm,0.072,0.032,0.258,4.76,0.4,1.2199
2026-02-12,4,2026-02-12 03:00:00,farm,0.062,0.002,0.258,3.68,0.2,1.22
2026-02-12,5,2026-02-12 04:00:00,farm,0.063,0.0,0.258,2.82,-0.1,1.2213
2026-02-12,6,2026-02-12 05:00:00,farm,0.063,0.0,0.258,2.96,0.4,1.2197
2026-02-12,7,2026-02-12 06:00:00,farm,0.0,0.0,0.258,1.4,-0.1,1.2224
2026-02-12,8,2026-02-12 07:00:00,farm,0.063,0.0,0.258,2.59,-0.3,1.2243
2026-02-12,9,2026-02-12 08:00:00,farm,0.0,0.0,0.258,1.03,0.2,1.2218
2026-02-12,10,2026-02-12 09:00:00,farm,0.0,0.0,0.258,1.87,0.4,1.221
2026-02-12,11,2026-02-12 10:00:00,farm,0.0,0.0,0.258,2.44,0.4,1.2208
2026-02-12,12,2026-02-12 11:00:00,farm,0.0,0.0,0.258,2.41,0.2,1.2208
2026-02-12,13,2026-02-12 12:00:00,farm,0.062,0.002,0.258,3.69,1.7,1.2125
2026-02-12,14,2026-02-12 13:00:00,farm,0.062,0.001,0.258,3.57,2.7,1.2077
2026-02-12,15,2026-02-12 14:00:00,farm,0.062,0.0,0.258,2.66,3.1,1.205
2026-02-12,16,2026-02-12 15:00:00,farm,0.062,0.0,0.258,3.14,2.6,1.2063
2026-02-12,17,2026-02-12 16:00:00,farm,0.062,0.001,0.258,3.36,2.4,1.2068
2026-02-12,18,2026-02-12 17:00:00,farm,0.062,0.0,0.258,2.57,1.5,1.2103
2026-02-12,19,2026-02-12 18:00:00,farm,0.064,0.001,0.258,3.64,0.4,1.2163
2026-02-12,20,2026-02-12 19:00:00,farm,0.112,0.091,0.258,5.5,-0.5,1.2217
2026-02-12,21,2026-02-12 20:00:00,farm,0.064,0.0,0.258,3.06,-0.5,1.2216
2026-02-12,22,2026-02-12 21:00:00,farm,0.0,0.0,0.258,1.2,-1.2,1.224
2026-02-12,23,2026-02-12 22:00:00,farm,0.066,0.0,0.258,2.96,-1.7,1.2264
2026-02-12,24,2026-02-12 23:00:00,farm,0.0,0.0,0.258,0.78,-1.5,1.2252
2026-02-12,25,2026-02-13 00:00:00,farm,0.0,0.0,0.258,1.1,-1.3,1.2237
2026-02-12,26,2026-02-13 01:00:00,farm,0.0,0.0,0.258,1.88,-1.5,1.2239
2026-02-12,27,2026-02-13 02:00:00,farm,0.0,0.0,0.258,2.32,-1.8,1.2244
2026-02-12,28,2026-02-13 03:00:00,farm,0.0,0.0,0.258,1.94,-1.9,1.2246
2026-02-12,29,2026-02-13 04:00:00,farm,0.0,0.0,0.258,1.84,-2.0,1.225
2026-02-12,30,2026-02-13 05:00:00,farm,0.063,0.0,0.258,3.2,-1.8,1.224
2026-02-12,31,2026-02-13 06:00:00,farm,0.063,0.003,0.258,3.75,-2.1,1.2259
2026-02-12,32,2026-02-13 07:00:00,farm,0.063,0.0,0.258,2.78,-1.9,1.2252
2026-02-12,33,2026-02-13 08:00:00,farm,0.0,0.0,0.258,1.39,-1.5,1.2252
2026-02-12,34,2026-02-13 09:00:00,farm,0.0,0.0,0.258,2.27,-1.1,1.2244
2026-02-12,35,2026-02-13 10:00:00,farm,0.0,0.0,0.258,2.4,-0.7,1.2233
2026-02-12,36,2026-02-13 11:00:00,farm,0.0,0.0,0.258,2.26,-0.2,1.221
2026-02-12,37,2026-02-13 12:00:00,farm,0.0,0.0,0.258,1.15,-0.1,1.2202
2026-02-12,38,2026-02-13 13:00:00,farm,0.0,0.0,0.258,0.74,0.4,1.2176
2026-02-12,39,2026-02-13 14:00:00,farm,0.0,0.0,0.258,0.79,0.6,1.2166
2026-02-12,40,2026-02-13 15:00:00,farm,0.0,0.0,0.258,0.75,0.4,1.2172
2026-02-12,41,2026-02-13 16:00:00,farm,0.0,0.0,0.258,0.67,-0.7,1.222
2026-02-12,42,2026-02-13 17:00:00,farm,0.0,0.0,0.258,0.35,-2.2,1.2287
2026-02-12,43,2026-02-13 18:00:00,farm,0.0,0.0,0.258,0.51,-2.3,1.2296
2026-02-12,44,2026-02-13 19:00:00,farm,0.0,0.0,0.258,2.02,-2.8,1.2324
2026-02-12,45,2026-02-13 20:00:00,farm,0.062,0.009,0.258,4.18,-3.0,1.2328
2026-02-12,46,2026-02-13 21:00:00,farm,0.191,0.208,0.258,6.29,-1.6,1.2259
2026-02-12,47,2026-02-13 22:00:00,farm,0.529,0.541,0.258,7.53,-1.0,1.2227
2026-02-12,48,2026-02-13 23:00:00,farm,0.718,0.75,0.258,8.05,-1.1,1.2222
2026-02-13,1,2026-02-13 00:00:00,farm,0.0,0.0,0.0,1.1,-1.3,1.2237
2026-02-13,2,2026-02-13 01:00:00,farm,0.0,0.0,0.0,1.88,-1.5,1.2239
2026-02-13,3,2026-02-13 02:00:00,farm,0.0,0.0,0.0,2.32,-1.8,1.2244
2026-02-13,4,2026-02-13 03:00:00,farm,0.0,0.0,0.0,1.94,-1.9,1.2246
2026-02-13,5,2026-02-13 04:00:00,farm,0.0,0.0,0.0,1.84,-2.0,1.225
2026-02-13,6,2026-02-13 05:00:00,farm,0.063,0.0,0.0,3.2,-1.8,1.224
2026-02-13,7,2026-02-13 06:00:00,farm,0.063,0.003,0.0,3.75,-2.1,1.2259
2026-02-13,8,2026-02-13 07:00:00,farm,0.063,0.0,0.0,2.78,-1.9,1.2252
2026-02-13,9,2026-02-13 08:00:00,farm,0.0,0.0,0.0,1.39,-1.5,1.2252
2026-02-13,10,2026-02-13 09:00:00,farm,0.0,0.0,0.0,2.27,-1.1,1.2244
2026-02-13,11,2026-02-13 10:00:00,farm,0.0,0.0,0.0,2.4,-0.7,1.2233
2026-02-13,12,2026-02-13 11:00:00,farm,0.0,0.0,0.0,2.26,-0.2,1.221
2026-02-13,13,2026-02-13 12:00:00,farm,0.0,0.0,0.0,1.15,-0.1,1.2202
2026-02-13,14,2026-02-13 13:00:00,farm,0.0,0.0,0.0,0.74,0.4,1.2176
2026-02-13,15,2026-02-13 14:00:00,farm,0.0,0.0,0.0,0.79,0.6,1.2166
2026-02-13,16,2026-02-13 15:00:00,farm,0.0,0.0,0.0,0.75,0.4,1.2172
2026-02-13,17,2026-02-13 16:00:00,farm,0.0,0.0,0.0,0.67,-0.7,1.222
2026-02-13,18,2026-02-13 17:00:00,farm,0.0,0.0,0.0,0.35,-2.2,1.2287
2026-02-13,19,2026-02-13 18:00:00,farm,0.0,0.0,0.0,0.51,-2.3,1.2296
2026-02-13,20,2026-02-13 19:00:00,farm,0.0,0.0,0.0,2.02,-2.8,1.2324
2026-02-13,21,2026-02-13 20:00:00,farm,0.062,0.009,0.0,4.18,-3.0,1.2328
2026-02-13,22,2026-02-13 21:00:00,farm,0.191,0.208,0.0,6.29,-1.6,1.2259
2026-02-13,23,2026-02-13 22:00:00,farm,0.529,0.541,0.0,7.53,-1.0,1.2227
2026-02-13,24,2026-02-13 23:00:00,farm,0.718,0.75,0.0,8.05,-1.1,1.2222
2026-02-13,25,2026-02-14 00:00:00,farm,1.469,1.461,0.0,9.31,-1.1,1.2216
2026-02-13,26,2026-02-14 01:00:00,farm,1.142,1.181,0.0,8.88,-0.7,1.2198
2026-02-13,27,2026-02-14 02:00:00,farm,0.745,0.782,0.0,8.13,-0.2,1.2174
2026-02-13,28,2026-02-14 03:00:00,farm,0.465,0.467,0.0,7.32,-0.2,1.2172
2026-02-13,29,2026-02-14 04:00:00,farm,0.481,0.5,0.0,7.42,-0.1,1.2174
2026-02-13,30,2026-02-14 05:00:00,farm,0.231,0.24,0.0,6.46,-0.6,1.2205
2026-02-13,31,2026-02-14 06:00:00,farm,0.063,0.007,0.0,4.09,-1.5,1.2249
2026-02-13,32,2026-02-14 07:00:00,farm,0.063,0.01,0.0,4.21,-2.4,1.2299
2026-02-13,33,2026-02-14 08:00:00,farm,0.063,0.006,0.0,4.0,-0.9,1.2235
2026-02-13,34,2026-02-14 09:00:00,farm,0.063,0.008,0.0,4.13,1.1,1.215
2026-02-13,35,2026-02-14 10:00:00,farm,0.063,0.009,0.0,4.15,1.9,1.2117
2026-02-13,36,2026-02-14 11:00:00,farm,0.066,0.019,0.0,4.49,3.0,1.2074
2026-02-13,37,2026-02-14 12:00:00,farm,0.063,0.001,0.0,3.65,3.7,1.2037
2026-02-13,38,2026-02-14 13:00:00,farm,0.0,0.0,0.0,1.59,4.3,1.2012
2026-02-13,39,2026-02-14 14:00:00,farm,0.0,0.0,0.0,1.12,3.7,1.2034
2026-02-13,40,2026-02-14 15:00:00,farm,0.0,0.0,0.0,1.15,3.5,1.2042
2026-02-13,41,2026-02-14 16:00:00,farm,0.0,0.0,0.0,1.31,3.7,1.2034
2026-02-13,42,2026-02-14 17:00:00,farm,0.064,0.0,0.0,3.06,1.0,1.2147
2026-02-13,43,2026-02-14 18:00:00,farm,0.064,0.003,0.0,3.8,-0.4,1.2211
2026-02-13,44,2026-02-14 19:00:00,farm,0.0,0.0,0.0,0.96,-0.1,1.2208
2026-02-13,45,2026-02-14 20:00:00,farm,0.0,0.0,0.0,0.81,-1.3,1.2262
2026-02-13,46,2026-02-14 21:00:00,farm,0.0,0.0,0.0,0.25,0.1,1.2204
2026-02-13,47,2026-02-14 22:00:00,farm,0.0,0.0,0.0,1.35,0.3,1.2202
2026-02-13,48,2026-02-14 23:00:00,farm,0.0,0.0,0.0,1.2,0.4,1.2196
2026-02-14,1,2026-02-14 00:00:00,farm,1.469,1.461,1.469,9.31,-1.1,1.2216
2026-02-14,2,2026-02-14 01:00:00,farm,1.142,1.181,1.469,8.88,-0.7,1.2198
2026-02-14,3,2026-02-14 02:00:00,farm,0.745,0.782,1.469,8.13,-0.2,1.2174
2026-02-14,4,2026-02-14 03:00:00,farm,0.465,0.467,1.469,7.32,-0.2,1.2172
2026-02-14,5,2026-02-14 04:00:00,farm,0.481,0.5,1.469,7.42,-0.1,1.2174
2026-02-14,6,2026-02-14 05:00:00,farm,0.231,0.24,1.469,6.46,-0.6,1.2205
2026-02-14,7,2026-02-14 06:00:00,farm,0.063,0.007,1.469,4.09,-1.5,1.2249
2026-02-14,8,2026-02-14 07:00:00,farm,0.063,0.01,1.469,4.21,-2.4,1.2299
2026-02-14,9,2026-02-14 08:00:00,farm,0.063,0.006,1.469,4.0,-0.9,1.2235
2026-02-14,10,2026-02-14 09:00:00,farm,0.063,0.008,1.469,4.13,1.1,1.215
2026-02-14,11,2026-02-14 10:00:00,farm,0.063,0.009,1.469,4.15,1.9,1.2117
2026-02-14,12,2026-02-14 11:00:00,farm,0.066,0.019,1.469,4.49,3.0,1.2074
2026-02-14,13,2026-02-14 12:00:00,farm,0.063,0.001,1.469,3.65,3.7,1.2037
2026-02-14,14,2026-02-14 13:00:00,farm,0.0,0.0,1.469,1.59,4.3,1.2012
2026-02-14,15,2026-02-14 14:00:00,farm,0.0,0.0,1.469,1.12,3.7,1.2034
2026-02-14,16,2026-02-14 15:00:00,farm,0.0,0.0,1.469,1.15,3.5,1.2042
2026-02-14,17,2026-02-14 16:00:00,farm,0.0,0.0,1.469,1.31,3.7,1.2034
2026-02-14,18,2026-02-14 17:00:00,farm,0.064,0.0,1.469,3.06,1.0,1.2147
2026-02-14,19,2026-02-14 18:00:00,farm,0.064,0.003,1.469,3.8,-0.4,1.2211
2026-02-14,20,2026-02-14 19:00:00,farm,0.0,0.0,1.469,0.96,-0.1,1.2208
2026-02-14,21,2026-02-14 20:00:00,farm,0.0,0.0,1.469,0.81,-1.3,1.2262
2026-02-14,22,2026-02-14 21:00:00,farm,0.0,0.0,1.469,0.25,0.1,1.2204
2026-02-14,23,2026-02-14 22:00:00,farm,0.0,0.0,1.469,1.35,0.3,1.2202
2026-02-14,24,2026-02-14 23:00:00,farm,0.0,0.0,1.469,1.2,0.4,1.2196
2026-02-14,25,2026-02-15 00:00:00,farm,0.0,0.0,1.469,1.15,-0.1,1.2213
2026-02-14,26,2026-02-15 01:00:00,farm,0.062,0.0,1.469,2.86,-0.3,1.2217
2026-02-14,27,2026-02-15 02:00:00,farm,0.062,0.0,1.469,2.6,-0.5,1.2224
2026-02-14,28,2026-02-15 03:00:00,farm,0.062,0.001,1.469,3.53,-1.5,1.2262
2026-02-14,29,2026-02-15 04:00:00,farm,0.063,0.003,1.469,3.74,-1.8,1.2277
2026-02-14,30,2026-02-15 05:00:00,farm,0.063,0.013,1.469,4.3,-1.7,1.2276
2026-02-14,31,2026-02-15 06:00:00,farm,0.103,0.069,1.469,5.27,-1.8,1.2281
2026-02-14,32,2026-02-15 07:00:00,farm,0.19,0.186,1.469,6.17,-1.8,1.2289
2026-02-14,33,2026-02-15 08:00:00,farm,0.21,0.219,1.469,6.35,-0.6,1.2241
2026-02-14,34,2026-02-15 09:00:00,farm,0.523,0.539,1.469,7.54,2.6,1.2104
2026-02-14,35,2026-02-15 10:00:00,farm,1.21,1.315,1.469,9.12,3.7,1.205
2026-02-14,36,2026-02-15 11:00:00,farm,1.462,1.452,1.469,9.35,6.7,1.1912
2026-02-14,37,2026-02-15 12:00:00,farm,1.486,1.523,1.469,9.46,7.6,1.1866
2026-02-14,38,2026-02-15 13:00:00,farm,1.076,1.121,1.469,8.84,8.3,1.1828
2026-02-14,39,2026-02-15 14:00:00,farm,0.737,0.807,1.469,8.24,9.1,1.1791
2026-02-14,40,2026-02-15 15:00:00,farm,0.644,0.682,1.469,7.95,8.3,1.1815
2026-02-14,41,2026-02-15 16:00:00,farm,0.795,0.817,1.469,8.25,7.1,1.186
2026-02-14,42,2026-02-15 17:00:00,farm,0.882,0.957,1.469,8.52,4.9,1.1945
2026-02-14,43,2026-02-15 18:00:00,farm,0.564,0.618,1.469,7.76,2.6,1.2037
2026-02-14,44,2026-02-15 19:00:00,farm,0.562,0.593,1.469,7.69,1.9,1.2068
2026-02-14,45,2026-02-15 20:00:00,farm,0.471,0.477,1.469,7.36,1.6,1.2083
2026-02-14,46,2026-02-15 21:00:00,farm,0.115,0.115,1.469,5.71,1.5,1.209
2026-02-14,47,2026-02-15 22:00:00,farm,0.064,0.016,1.469,4.4,1.6,1.2087
2026-02-14,48,2026-02-15 23:00:00,farm,0.07,0.037,1.469,4.87,1.8,1.2075
2026-02-15,1,2026-02-15 00:00:00,farm,0.0,0.0,0.0,1.15,-0.1,1.2213
2026-02-15,2,2026-02-15 01:00:00,farm,0.062,0.0,0.0,2.86,-0.3,1.2217
2026-02-15,3,2026-02-15 02:00:00,farm,0.062,0.0,0.0,2.6,-0.5,1.2224
2026-02-15,4,2026-02-15 03:00:00,farm,0.062,0.001,0.0,3.53,-1.5,1.2262
2026-02-15,5,2026-02-15 04:00:00,farm,0.063,0.003,0.0,3.74,-1.8,1.2277
2026-02-15,6,2026-02-15 05:00:00,farm,0.063,0.013,0.0,4.3,-1.7,1.2276
2026-02-15,7,2026-02-15 06:00:00,farm,0.103,0.069,0.0,5.27,-1.8,1.2281
2026-02-15,8,2026-02-15 07:00:00,farm,0.19,0.186,0.0,6.17,-1.8,1.2289
2026-02-15,9,2026-02-15 08:00:00,farm,0.21,0.219,0.0,6.35,-0.6,1.2241
2026-02-15,10,2026-02-15 09:00:00,farm,0.523,0.539,0.0,7.54,2.6,1.2104
2026-02-15,11,2026-02-15 10:00:00,farm,1.21,1.315,0.0,9.12,3.7,1.205
2026-02-15,12,2026-02-15 11:00:00,farm,1.462,1.452,0.0,9.35,6.7,1.1912
2026-02-15,13,2026-02-15 12:00:00,farm,1.486,1.523,0.0,9.46,7.6,1.1866
2026-02-15,14,2026-02-15 13:00:00,farm,1.076,1.121,0.0,8.84,8.3,1.1828
2026-02-15,15,2026-02-15 14:00:00,farm,0.737,0.807,0.0,8.24,9.1,1.1791
2026-02-15,16,2026-02-15 15:00:00,farm,0.644,0.682,0.0,7.95,8.3,1.1815
2026-02-15,17,2026-02-15 16:00:00,farm,0.795,0.817,0.0,8.25,7.1,1.186
2026-02-15,18,2026-02-15 17:00:00,farm,0.882,0.957,0.0,8.52,4.9,1.1945
2026-02-15,19,2026-02-15 18:00:00,farm,0.564,0.618,0.0,7.76,2.6,1.2037
2026-02-15,20,2026-02-15 19:00:00,farm,0.562,0.593,0.0,7.69,1.9,1.2068
2026-02-15,21,2026-02-15 20:00:00,farm,0.471,0.477,0.0,7.36,1.6,1.2083
2026-02-15,22,2026-02-15 21:00:00,farm,0.115,0.115,0.0,5.71,1.5,1.209
2026-02-15,23,2026-02-15 22:00:00,farm,0.064,0.016,0.0,4.4,1.6,1.2087
2026-02-15,24,2026-02-15 23:00:00,farm,0.07,0.037,0.0,4.87,1.8,1.2075
2026-02-15,25,2026-02-16 00:00:00,farm,0.141,0.144,0.0,5.93,1.6,1.2076
2026-02-15,26,2026-02-16 01:00:00,farm,0.109,0.086,0.0,5.46,1.5,1.2076
2026-02-15,27,2026-02-16 02:00:00,farm,0.222,0.222,0.0,6.38,1.7,1.2061
2026-02-15,28,2026-02-16 03:00:00,farm,0.481,0.495,0.0,7.42,1.7,1.2054
2026-02-15,29,2026-02-16 04:00:00,farm,0.564,0.582,0.0,7.66,1.2,1.2076
2026-02-15,30,2026-02-16 05:00:00,farm,0.381,0.387,0.0,7.07,1.6,1.2058
2026-02-15,31,2026-02-16 06:00:00,farm,0.19,0.192,0.0,6.22,1.0,1.2083
2026-02-15,32,2026-02-16 07:00:00,farm,0.279,0.276,0.0,6.63,0.7,1.2103
2026-02-15,33,2026-02-16 08:00:00,farm,0.302,0.3,0.0,6.74,2.1,1.205
2026-02-15,34,2026-02-16 09:00:00,farm,0.315,0.319,0.0,6.82,3.1,1.2014
2026-02-15,35,2026-02-16 10:00:00,farm,0.179,0.16,0.0,6.04,4.7,1.1947
2026-02-15,36,2026-02-16 11:00:00,farm,0.366,0.399,0.0,7.14,7.6,1.183
2026-02-15,37,2026-02-16 12:00:00,farm,0.498,0.522,0.0,7.53,8.5,1.179
2026-02-15,38,2026-02-16 13:00:00,farm,0.477,0.508,0.0,7.49,8.9,1.1772
2026-02-15,39,2026-02-16 14:00:00,farm,0.3,0.319,0.0,6.85,9.4,1.1747
2026-02-15,40,2026-02-16 15:00:00,farm,0.272,0.279,0.0,6.68,8.4,1.1787
2026-02-15,41,2026-02-16 16:00:00,farm,0.111,0.088,0.0,5.5,7.9,1.1805
2026-02-15,42,2026-02-16 17:00:00,farm,0.167,0.176,0.0,6.15,6.9,1.1851
2026-02-15,43,2026-02-16 18:00:00,farm,0.115,0.115,0.0,5.73,4.7,1.1943
2026-02-15,44,2026-02-16 19:00:00,farm,0.268,0.266,0.0,6.6,3.9,1.1984
2026-02-15,45,2026-02-16 20:00:00,farm,0.441,0.438,0.0,7.25,4.0,1.1982
2026-02-15,46,2026-02-16 21:00:00,farm,0.506,0.52,0.0,7.5,3.8,1.1994
2026-02-15,47,2026-02-16 22:00:00,farm,0.293,0.304,0.0,6.76,3.5,1.2008
2026-02-15,48,2026-02-16 23:00:00,farm,0.115,0.106,0.0,5.64,3.2,1.2031
2026-02-16,1,2026-02-16 00:00:00,farm,0.141,0.144,0.141,5.93,1.6,1.2076
2026-02-16,2,2026-02-16 01:00:00,farm,0.109,0.086,0.141,5.46,1.5,1.2076
2026-02-16,3,2026-02-16 02:00:00,farm,0.222,0.222,0.141,6.38,1.7,1.2061
2026-02-16,4,2026-02-16 03:00:00,farm,0.481,0.495,0.141,7.42,1.7,1.2054
2026-02-16,5,2026-02-16 04:00:00,farm,0.564,0.582,0.141,7.66,1.2,1.2076
2026-02-16,6,2026-02-16 05:00:00,farm,0.381,0.387,0.141,7.07,1.6,1.2058
2026-02-16,7,2026-02-16 06:00:00,farm,0.19,0.192,0.141,6.22,1.0,1.2083
2026-02-16,8,2026-02-16 07:00:00,farm,0.279,0.276,0.141,6.63,0.7,1.2103
2026-02-16,9,2026-02-16 08:00:00,farm,0.302,0.3,0.141,6.74,2.1,1.205
2026-02-16,10,2026-02-16 09:00:00,farm,0.315,0.319,0.141,6.82,3.1,1.2014
2026-02-16,11,2026-02-16 10:00:00,farm,0.179,0.16,0.141,6.04,4.7,1.1947
2026-02-16,12,2026-02-16 11:00:00,farm,0.366,0.399,0.141,7.14,7.6,1.183
2026-02-16,13,2026-02-16 12:00:00,farm,0.498,0.522,0.141,7.53,8.5,1.179
2026-02-16,14,2026-02-16 13:00:00,farm,0.477,0.508,0.141,7.49,8.9,1.1772
2026-02-16,15,2026-02-16 14:00:00,farm,0.3,0.319,0.141,6.85,9.4,1.1747
2026-02-16,16,2026-02-16 15:00:00,farm,0.272,0.279,0.141,6.68,8.4,1.1787
2026-02-16,17,2026-02-16 16:00:00,farm,0.111,0.088,0.141,5.5,7.9,1.1805
2026-02-16,18,2026-02-16 17:00:00,farm,0.167,0.176,0.141,6.15,6.9,1.1851
2026-02-16,19,2026-02-16 18:00:00,farm,0.115,0.115,0.141,5.73,4.7,1.1943
2026-02-16,20,2026-02-16 19:00:00,farm,0.268,0.266,0.141,6.6,3.9,1.1984
2026-02-16,21,2026-02-16 20:00:00,farm,0.441,0.438,0.141,7.25,4.0,1.1982
2026-02-16,22,2026-02-16 21:00:00,farm,0.506,0.52,0.141,7.5,3.8,1.1994
2026-02-16,23,2026-02-16 22:00:00,farm,0.293,0.304,0.141,6.76,3.5,1.2008
2026-02-16,24,2026-02-16 23:00:00,farm,0.115,0.106,0.141,5.64,3.2,1.2031
2026-02-16,25,2026-02-17 00:00:00,farm,0.21,0.211,0.141,6.33,3.5,1.2019
2026-02-16,26,2026-02-17 01:00:00,farm,0.126,0.127,0.141,5.81,2.9,1.2047
2026-02-16,27,2026-02-17 02:00:00,farm,0.109,0.076,0.141,5.37,2.8,1.2053
2026-02-16,28,2026-02-17 03:00:00,farm,0.072,0.035,0.141,4.82,3.1,1.2044
2026-02-16,29,2026-02-17 04:00:00,farm,0.103,0.068,0.141,5.28,3.4,1.204
2026-02-16,30,2026-02-17 05:00:00,farm,0.268,0.277,0.141,6.64,3.4,1.2051
2026-02-16,31,2026-02-17 06:00:00,farm,0.117,0.111,0.141,5.68,3.2,1.2066
2026-02-16,32,2026-02-17 07:00:00,farm,0.066,0.022,0.141,4.57,2.9,1.2093
2026-02-16,33,2026-02-17 08:00:00,farm,0.11,0.08,0.141,5.4,3.1,1.21
2026-02-16,34,2026-02-17 09:00:00,farm,0.066,0.022,0.141,4.58,4.0,1.2064
2026-02-16,35,2026-02-17 10:00:00,farm,0.083,0.048,0.141,5.03,5.6,1.2004
2026-02-16,36,2026-02-17 11:00:00,farm,0.117,0.097,0.141,5.57,5.5,1.2013
2026-02-16,37,2026-02-17 12:00:00,farm,0.087,0.045,0.141,4.99,6.0,1.199
2026-02-16,38,2026-02-17 13:00:00,farm,0.09,0.05,0.141,5.06,7.3,1.1933
2026-02-16,39,2026-02-17 14:00:00,farm,0.09,0.048,0.141,5.04,9.2,1.1852
2026-02-16,40,2026-02-17 15:00:00,farm,0.09,0.055,0.141,5.14,9.6,1.1831
2026-02-16,41,2026-02-17 16:00:00,farm,0.147,0.148,0.141,5.97,8.8,1.1864
2026-02-16,42,2026-02-17 17:00:00,farm,0.381,0.389,0.141,7.09,7.1,1.1933
2026-02-16,43,2026-02-17 18:00:00,farm,0.519,0.51,0.141,7.47,5.9,1.1991
2026-02-16,44,2026-02-17 19:00:00,farm,0.586,0.618,0.141,7.76,4.9,1.2036
2026-02-16,45,2026-02-17 20:00:00,farm,0.648,0.676,0.141,7.9,4.2,1.2068
2026-02-16,46,2026-02-17 21:00:00,farm,0.679,0.704,0.141,7.96,3.1,1.2114
2026-02-16,47,2026-02-17 22:00:00,farm,0.641,0.681,0.141,7.9,1.9,1.2161
2026-02-16,48,2026-02-17 23:00:00,farm,0.717,0.741,0.141,8.04,1.6,1.2168
2026-02-17,1,2026-02-17 00:00:00,farm,0.21,0.211,0.21,6.33,3.5,1.2019
2026-02-17,2,2026-02-17 01:00:00,farm,0.126,0.127,0.21,5.81,2.9,1.2047
2026-02-17,3,2026-02-17 02:00:00,farm,0.109,0.076,0.21,5.37,2.8,1.2053
2026-02-17,4,2026-02-17 03:00:00,farm,0.072,0.035,0.21,4.82,3.1,1.2044
2026-02-17,5,2026-02-17 04:00:00,farm,0.103,0.068,0.21,5.28,3.4,1.204
2026-02-17,6,2026-02-17 05:00:00,farm,0.268,0.277,0.21,6.64,3.4,1.2051
2026-02-17,7,2026-02-17 06:00:00,farm,0.117,0.111,0.21,5.68,3.2,1.2066
2026-02-17,8,2026-02-17 07:00:00,farm,0.066,0.022,0.21,4.57,2.9,1.2093
2026-02-17,9,2026-02-17 08:00:00,farm,0.11,0.08,0.21,5.4,3.1,1.21
2026-02-17,10,2026-02-17 09:00:00,farm,0.066,0.022,0.21,4.58,4.0,1.2064
2026-02-17,11,2026-02-17 10:00:00,farm,0.083,0.048,0.21,5.03,5.6,1.2004
2026-02-17,12,2026-02-17 11:00:00,farm,0.117,0.097,0.21,5.57,5.5,1.2013
2026-02-17,13,2026-02-17 12:00:00,farm,0.087,0.045,0.21,4.99,6.0,1.199
2026-02-17,14,2026-02-17 13:00:00,farm,0.09,0.05,0.21,5.06,7.3,1.1933
2026-02-17,15,2026-02-17 14:00:00,farm,0.09,0.048,0.21,5.04,9.2,1.1852
2026-02-17,16,2026-02-17 15:00:00,farm,0.09,0.055,0.21,5.14,9.6,1.1831
2026-02-17,17,2026-02-17 16:00:00,farm,0.147,0.148,0.21,5.97,8.8,1.1864
2026-02-17,18,2026-02-17 17:00:00,farm,0.381,0.389,0.21,7.09,7.1,1.1933
2026-02-17,19,2026-02-17 18:00:00,farm,0.519,0.51,0.21,7.47,5.9,1.1991
2026-02-17,20,2026-02-17 19:00:00,farm,0.586,0.618,0.21,7.76,4.9,1.2036
2026-02-17,21,2026-02-17 20:00:00,farm,0.648,0.676,0.21,7.9,4.2,1.2068
2026-02-17,22,2026-02-17 21:00:00,farm,0.679,0.704,0.21,7.96,3.1,1.2114
2026-02-17,23,2026-02-17 22:00:00,farm,0.641,0.681,0.21,7.9,1.9,1.2161
2026-02-17,24,2026-02-17 23:00:00,farm,0.717,0.741,0.21,8.04,1.6,1.2168
2026-02-17,25,2026-02-18 00:00:00,farm,0.486,0.532,0.21,7.51,1.3,1.2175
2026-02-17,26,2026-02-18 01:00:00,farm,0.37,0.377,0.21,7.02,1.2,1.2171
2026-02-17,27,2026-02-18 02:00:00,farm,0.481,0.489,0.21,7.39,1.5,1.2156
2026-02-17,28,2026-02-18 03:00:00,farm,0.481,0.499,0.21,7.42,1.7,1.2144
2026-02-17,29,2026-02-18 04:00:00,farm,0.588,0.616,0.21,7.74,1.8,1.2145
2026-02-17,30,2026-02-18 05:00:00,farm,0.276,0.28,0.21,6.65,2.1,1.212
2026-02-17,31,2026-02-18 06:00:00,farm,0.589,0.604,0.21,7.71,1.7,1.2137
2026-02-17,32,2026-02-18 07:00:00,farm,0.711,0.714,0.21,7.98,1.7,1.2138
2026-02-17,33,2026-02-18 08:00:00,farm,0.766,0.777,0.21,8.13,2.9,1.2088
2026-02-17,34,2026-02-18 09:00:00,farm,0.98,0.986,0.21,8.57,5.4,1.1977
2026-02-17,35,2026-02-18 10:00:00,farm,1.962,1.976,0.21,10.05,8.5,1.1843
2026-02-17,36,2026-02-18 11:00:00,farm,3.236,3.229,0.21,11.33,10.9,1.1736
2026-02-17,37,2026-02-18 12:00:00,farm,2.708,2.652,0.21,10.82,12.8,1.1649
2026-02-17,38,2026-02-18 13:00:00,farm,2.176,2.147,0.21,10.3,13.9,1.1596
2026-02-17,39,2026-02-18 14:00:00,farm,1.904,1.851,0.21,9.95,14.0,1.1583
2026-02-17,40,2026-02-18 15:00:00,farm,1.612,1.633,0.21,9.66,13.2,1.1611
2026-02-17,41,2026-02-18 16:00:00,farm,1.665,1.663,0.21,9.69,11.7,1.1665
2026-02-17,42,2026-02-18 17:00:00,farm,0.999,1.062,0.21,8.75,9.5,1.1741
2026-02-17,43,2026-02-18 18:00:00,farm,0.635,0.7,0.21,7.99,7.3,1.183
2026-02-17,44,2026-02-18 19:00:00,farm,0.381,0.383,0.21,7.07,5.2,1.1912
2026-02-17,45,2026-02-18 20:00:00,farm,0.506,0.501,0.21,7.45,4.5,1.1938
2026-02-17,46,2026-02-18 21:00:00,farm,0.218,0.24,0.21,6.48,3.6,1.197
2026-02-17,47,2026-02-18 22:00:00,farm,0.221,0.211,0.21,6.33,2.9,1.199
2026-02-17,48,2026-02-18 23:00:00,farm,0.23,0.254,0.21,6.54,2.8,1.1992
2026-02-18,1,2026-02-18 00:00:00,farm,0.486,0.532,0.486,7.51,1.3,1.2175
2026-02-18,2,2026-02-18 01:00:00,farm,0.37,0.377,0.486,7.02,1.2,1.2171
2026-02-18,3,2026-02-18 02:00:00,farm,0.481,0.489,0.486,7.39,1.5,1.2156
2026-02-18,4,2026-02-18 03:00:00,farm,0.481,0.499,0.486,7.42,1.7,1.2144
2026-02-18,5,2026-02-18 04:00:00,farm,0.588,0.616,0.486,7.74,1.8,1.2145
2026-02-18,6,2026-02-18 05:00:00,farm,0.276,0.28,0.486,6.65,2.1,1.212
2026-02-18,7,2026-02-18 06:00:00,farm,0.589,0.604,0.486,7.71,1.7,1.2137
2026-02-18,8,2026-02-18 07:00:00,farm,0.711,0.714,0.486,7.98,1.7,1.2138
2026-02-18,9,2026-02-18 08:00:00,farm,0.766,0.777,0.486,8.13,2.9,1.2088
2026-02-18,10,2026-02-18 09:00:00,farm,0.98,0.986,0.486,8.57,5.4,1.1977
2026-02-18,11,2026-02-18 10:00:00,farm,1.962,1.976,0.486,10.05,8.5,1.1843
2026-02-18,12,2026-02-18 11:00:00,farm,3.236,3.229,0.486,11.33,10.9,1.1736
2026-02-18,13,2026-02-18 12:00:00,farm,2.708,2.652,0.486,10.82,12.8,1.1649
2026-02-18,14,2026-02-18 13:00:00,farm,2.176,2.147,0.486,10.3,13.9,1.1596
2026-02-18,15,2026-02-18 14:00:00,farm,1.904,1.851,0.486,9.95,14.0,1.1583
2026-02-18,16,2026-02-18 15:00:00,farm,1.612,1.633,0.486,9.66,13.2,1.1611
2026-02-18,17,2026-02-18 16:00:00,farm,1.665,1.663,0.486,9.69,11.7,1.1665
2026-02-18,18,2026-02-18 17:00:00,farm,0.999,1.062,0.486,8.75,9.5,1.1741
2026-02-18,19,2026-02-18 18:00:00,farm,0.635,0.7,0.486,7.99,7.3,1.183
2026-02-18,20,2026-02-18 19:00:00,farm,0.381,0.383,0.486,7.07,5.2,1.1912
2026-02-18,21,2026-02-18 20:00:00,farm,0.506,0.501,0.486,7.45,4.5,1.1938
2026-02-18,22,2026-02-18 21:00:00,farm,0.218,0.24,0.486,6.48,3.6,1.197
2026-02-18,23,2026-02-18 22:00:00,farm,0.221,0.211,0.486,6.33,2.9,1.199
2026-02-18,24,2026-02-18 23:00:00,farm,0.23,0.254,0.486,6.54,2.8,1.1992
2026-02-18,25,2026-02-19 00:00:00,farm,0.116,0.112,0.486,5.7,2.2,1.2011
2026-02-18,26,2026-02-19 01:00:00,farm,0.116,0.106,0.486,5.65,1.7,1.2029
2026-02-18,27,2026-02-19 02:00:00,farm,0.141,0.137,0.486,5.88,1.4,1.2041
2026-02-18,28,2026-02-19 03:00:00,farm,0.116,0.119,0.486,5.75,1.8,1.2021
2026-02-18,29,2026-02-19 04:00:00,farm,0.116,0.097,0.486,5.57,1.9,1.2016
2026-02-18,30,2026-02-19 05:00:00,farm,0.079,0.046,0.486,5.01,1.6,1.2034
2026-02-18,31,2026-02-19 06:00:00,farm,0.083,0.052,0.486,5.08,1.4,1.2044
2026-02-18,32,2026-02-19 07:00:00,farm,0.117,0.102,0.486,5.61,1.9,1.2027
2026-02-18,33,2026-02-19 08:00:00,farm,0.19,0.188,0.486,6.21,4.5,1.1929
2026-02-18,34,2026-02-19 09:00:00,farm,0.23,0.247,0.486,6.53,7.4,1.1811
2026-02-18,35,2026-02-19 10:00:00,farm,0.118,0.061,0.486,5.23,10.5,1.1685
2026-02-18,36,2026-02-19 11:00:00,farm,0.469,0.445,0.486,7.31,10.9,1.1672
2026-02-18,37,2026-02-19 12:00:00,farm,0.143,0.12,0.486,5.79,12.6,1.1595
2026-02-18,38,2026-02-19 13:00:00,farm,0.146,0.096,0.486,5.59,13.3,1.1562
2026-02-18,39,2026-02-19 14:00:00,farm,0.101,0.056,0.486,5.16,14.1,1.1524
2026-02-18,40,2026-02-19 15:00:00,farm,0.102,0.048,0.486,5.06,13.8,1.1532
2026-02-18,41,2026-02-19 16:00:00,farm,0.088,0.045,0.486,5.02,11.9,1.161
2026-02-18,42,2026-02-19 17:00:00,farm,0.062,0.014,0.486,4.36,10.0,1.1674
2026-02-18,43,2026-02-19 18:00:00,farm,0.072,0.033,0.486,4.81,8.6,1.1737
2026-02-18,44,2026-02-19 19:00:00,farm,0.062,0.0,0.486,2.86,8.9,1.1736
2026-02-18,45,2026-02-19 20:00:00,farm,0.062,0.0,0.486,3.02,9.5,1.1715
2026-02-18,46,2026-02-19 21:00:00,farm,0.061,0.001,0.486,3.44,8.9,1.1746
2026-02-18,47,2026-02-19 22:00:00,farm,0.064,0.014,0.486,4.35,8.6,1.1763
2026-02-18,48,2026-02-19 23:00:00,farm,0.061,0.0,0.486,2.75,9.0,1.1754
2026-02-19,1,2026-02-19 00:00:00,farm,0.116,0.112,0.116,5.7,2.2,1.2011
2026-02-19,2,2026-02-19 01:00:00,farm,0.116,0.106,0.116,5.65,1.7,1.2029
2026-02-19,3,2026-02-19 02:00:00,farm,0.141,0.137,0.116,5.88,1.4,1.2041
2026-02-19,4,2026-02-19 03:00:00,farm,0.116,0.119,0.116,5.75,1.8,1.2021
2026-02-19,5,2026-02-19 04:00:00,farm,0.116,0.097,0.116,5.57,1.9,1.2016
2026-02-19,6,2026-02-19 05:00:00,farm,0.079,0.046,0.116,5.01,1.6,1.2034
2026-02-19,7,2026-02-19 06:00:00,farm,0.083,0.052,0.116,5.08,1.4,1.2044
2026-02-19,8,2026-02-19 07:00:00,farm,0.117,0.102,0.116,5.61,1.9,1.2027
2026-02-19,9,2026-02-19 08:00:00,farm,0.19,0.188,0.116,6.21,4.5,1.1929
2026-02-19,10,2026-02-19 09:00:00,farm,0.23,0.247,0.116,6.53,7.4,1.1811
2026-02-19,11,2026-02-19 10:00:00,farm,0.118,0.061,0.116,5.23,10.5,1.1685
2026-02-19,12,2026-02-19 11:00:00,farm,0.469,0.445,0.116,7.31,10.9,1.1672
2026-02-19,13,2026-02-19 12:00:00,farm,0.143,0.12,0.116,5.79,12.6,1.1595
2026-02-19,14,2026-02-19 13:00:00,farm,0.146,0.096,0.116,5.59,13.3,1.1562
2026-02-19,15,2026-02-19 14:00:00,farm,0.101,0.056,0.116,5.16,14.1,1.1524
2026-02-19,16,2026-02-19 15:00:00,farm,0.102,0.048,0.116,5.06,13.8,1.1532
2026-02-19,17,2026-02-19 16:00:00,farm,0.088,0.045,0.116,5.02,11.9,1.161
2026-02-19,18,2026-02-19 17:00:00,farm,0.062,0.014,0.116,4.36,10.0,1.1674
2026-02-19,19,2026-02-19 18:00:00,farm,0.072,0.033,0.116,4.81,8.6,1.1737
2026-02-19,20,2026-02-19 19:00:00,farm,0.062,0.0,0.116,2.86,8.9,1.1736
2026-02-19,21,2026-02-19 20:00:00,farm,0.062,0.0,0.116,3.02,9.5,1.1715
2026-02-19,22,2026-02-19 21:00:00,farm,0.061,0.001,0.116,3.44,8.9,1.1746
2026-02-19,23,2026-02-19 22:00:00,farm,0.064,0.014,0.116,4.35,8.6,1.1763
2026-02-19,24,2026-02-19 23:00:00,farm,0.061,0.0,0.116,2.75,9.0,1.1754
2026-02-19,25,2026-02-20 00:00:00,farm,0.219,0.221,0.116,6.4,8.9,1.1774
2026-02-19,26,2026-02-20 01:00:00,farm,0.466,0.449,0.116,7.31,9.0,1.1778
2026-02-19,27,2026-02-20 02:00:00,farm,0.192,0.199,0.116,6.28,7.6,1.184
2026-02-19,28,2026-02-20 03:00:00,farm,0.168,0.164,0.116,6.07,7.0,1.1874
2026-02-19,29,2026-02-20 04:00:00,farm,0.147,0.141,0.116,5.92,6.4,1.1908
2026-02-19,30,2026-02-20 05:00:00,farm,0.525,0.549,0.116,7.6,8.0,1.1854
2026-02-19,31,2026-02-20 06:00:00,farm,0.722,0.746,0.116,8.09,7.4,1.1893
2026-02-19,32,2026-02-20 07:00:00,farm,0.369,0.379,0.116,7.06,7.5,1.1899
2026-02-19,33,2026-02-20 08:00:00,farm,0.232,0.251,0.116,6.54,8.1,1.1886
2026-02-19,34,2026-02-20 09:00:00,farm,0.133,0.098,0.116,5.59,9.3,1.1843
2026-02-19,35,2026-02-20 10:00:00,farm,0.081,0.034,0.116,4.81,10.1,1.1808
2026-02-19,36,2026-02-20 11:00:00,farm,0.088,0.033,0.116,4.81,10.9,1.1778
2026-02-19,37,2026-02-20 12:00:00,farm,0.081,0.024,0.116,4.62,11.6,1.1742
2026-02-19,38,2026-02-20 13:00:00,farm,0.098,0.046,0.116,5.03,12.7,1.1687
2026-02-19,39,2026-02-20 14:00:00,farm,0.081,0.01,0.116,4.24,13.9,1.1627
2026-02-19,40,2026-02-20 15:00:00,farm,0.073,0.001,0.116,3.51,14.2,1.1608
2026-02-19,41,2026-02-20 16:00:00,farm,0.074,0.0,0.116,2.56,13.3,1.1637
2026-02-19,42,2026-02-20 17:00:00,farm,0.062,0.0,0.116,2.51,10.2,1.1749
2026-02-19,43,2026-02-20 18:00:00,farm,0.0,0.0,0.116,2.08,7.6,1.1856
2026-02-19,44,2026-02-20 19:00:00,farm,0.0,0.0,0.116,1.39,7.0,1.1884
2026-02-19,45,2026-02-20 20:00:00,farm,0.084,0.052,0.116,5.09,6.4,1.1908
2026-02-19,46,2026-02-20 21:00:00,farm,0.316,0.331,0.116,6.88,6.5,1.1895
2026-02-19,47,2026-02-20 22:00:00,farm,0.209,0.215,0.116,6.36,5.8,1.192
2026-02-19,48,2026-02-20 23:00:00,farm,0.959,1.015,0.116,8.63,4.9,1.1949
2026-02-20,1,2026-02-20 00:00:00,farm,0.219,0.221,0.219,6.4,8.9,1.1774
2026-02-20,2,2026-02-20 01:00:00,farm,0.466,0.449,0.219,7.31,9.0,1.1778
2026-02-20,3,2026-02-20 02:00:00,farm,0.192,0.199,0.219,6.28,7.6,1.184
2026-02-20,4,2026-02-20 03:00:00,farm,0.168,0.164,0.219,6.07,7.0,1.1874
2026-02-20,5,2026-02-20 04:00:00,farm,0.147,0.141,0.219,5.92,6.4,1.1908
2026-02-20,6,2026-02-20 05:00:00,farm,0.525,0.549,0.219,7.6,8.0,1.1854
2026-02-20,7,2026-02-20 06:00:00,farm,0.722,0.746,0.219,8.09,7.4,1.1893
2026-02-20,8,2026-02-20 07:00:00,farm,0.369,0.379,0.219,7.06,7.5,1.1899
2026-02-20,9,2026-02-20 08:00:00,farm,0.232,0.251,0.219,6.54,8.1,1.1886
2026-02-20,10,2026-02-20 09:00:00,farm,0.133,0.098,0.219,5.59,9.3,1.1843
2026-02-20,11,2026-02-20 10:00:00,farm,0.081,0.034,0.219,4.81,10.1,1.1808
2026-02-20,12,2026-02-20 11:00:00,farm,0.088,0.033,0.219,4.81,10.9,1.1778
2026-02-20,13,2026-02-20 12:00:00,farm,0.081,0.024,0.219,4.62,11.6,1.1742
2026-02-20,14,2026-02-20 13:00:00,farm,0.098,0.046,0.219,5.03,12.7,1.1687
2026-02-20,15,2026-02-20 14:00:00,farm,0.081,0.01,0.219,4.24,13.9,1.1627
2026-02-20,16,2026-02-20 15:00:00,farm,0.073,0.001,0.219,3.51,14.2,1.1608
2026-02-20,17,2026-02-20 16:00:00,farm,0.074,0.0,0.219,2.56,13.3,1.1637
2026-02-20,18,2026-02-20 17:00:00,farm,0.062,0.0,0.219,2.51,10.2,1.1749
2026-02-20,19,2026-02-20 18:00:00,farm,0.0,0.0,0.219,2.08,7.6,1.1856
2026-02-20,20,2026-02-20 19:00:00,farm,0.0,0.0,0.219,1.39,7.0,1.1884
2026-02-20,21,2026-02-20 20:00:00,farm,0.084,0.052,0.219,5.09,6.4,1.1908
2026-02-20,22,2026-02-20 21:00:00,farm,0.316,0.331,0.219,6.88,6.5,1.1895
2026-02-20,23,2026-02-20 22:00:00,farm,0.209,0.215,0.219,6.36,5.8,1.192
2026-02-20,24,2026-02-20 23:00:00,farm,0.959,1.015,0.219,8.63,4.9,1.1949
2026-02-20,25,2026-02-21 00:00:00,farm,1.023,1.115,0.219,8.81,4.9,1.1946
2026-02-20,26,2026-02-21 01:00:00,farm,0.775,0.818,0.219,8.24,5.0,1.1936
2026-02-20,27,2026-02-21 02:00:00,farm,0.525,0.55,0.219,7.59,4.9,1.1942
2026-02-20,28,2026-02-21 03:00:00,farm,0.389,0.407,0.219,7.15,4.4,1.1958
2026-02-20,29,2026-02-21 04:00:00,farm,0.201,0.209,0.219,6.32,4.1,1.1971
2026-02-20,30,2026-02-21 05:00:00,farm,0.112,0.092,0.219,5.53,4.0,1.198
2026-02-20,31,2026-02-21 06:00:00,farm,0.124,0.095,0.219,5.55,3.5,1.1998
2026-02-20,32,2026-02-21 07:00:00,farm,0.083,0.056,0.219,5.14,3.0,1.2013
2026-02-20,33,2026-02-21 08:00:00,farm,0.073,0.03,0.219,4.74,4.1,1.1979
2026-02-20,34,2026-02-21 09:00:00,farm,0.063,0.001,0.219,3.36,6.3,1.19
2026-02-20,35,2026-02-21 10:00:00,farm,0.073,0.028,0.219,4.7,7.4,1.1901
2026-02-20,36,2026-02-21 11:00:00,farm,4.811,5.0,0.219,15.17,8.2,1.1884
2026-02-20,37,2026-02-21 12:00:00,farm,4.215,4.414,0.219,12.2,8.0,1.1907
2026-02-20,38,2026-02-21 13:00:00,farm,3.18,3.147,0.219,11.22,8.2,1.1904
2026-02-20,39,2026-02-21 14:00:00,farm,4.263,4.574,0.219,12.3,7.5,1.1945
2026-02-20,40,2026-02-21 15:00:00,farm,3.015,2.958,0.219,11.04,7.4,1.1956
2026-02-20,41,2026-02-21 16:00:00,farm,1.547,1.623,0.219,9.57,6.1,1.2018
2026-02-20,42,2026-02-21 17:00:00,farm,0.459,0.465,0.219,7.33,6.0,1.2026
2026-02-20,43,2026-02-21 18:00:00,farm,0.561,0.584,0.219,7.67,5.9,1.2032
2026-02-20,44,2026-02-21 19:00:00,farm,0.14,0.15,0.219,5.97,6.0,1.2028
2026-02-20,45,2026-02-21 20:00:00,farm,0.062,0.001,0.219,3.5,5.4,1.2047
2026-02-20,46,2026-02-21 21:00:00,farm,0.061,0.003,0.219,3.76,5.0,1.2056
2026-02-20,47,2026-02-21 22:00:00,farm,0.064,0.015,0.219,4.39,5.5,1.2032
2026-02-20,48,2026-02-21 23:00:00,farm,0.115,0.123,0.219,5.78,5.6,1.2026
2026-02-21,1,2026-02-21 00:00:00,farm,1.023,1.115,1.023,8.81,4.9,1.1946
2026-02-21,2,2026-02-21 01:00:00,farm,0.775,0.818,1.023,8.24,5.0,1.1936
2026-02-21,3,2026-02-21 02:00:00,farm,0.525,0.55,1.023,7.59,4.9,1.1942
2026-02-21,4,2026-02-21 03:00:00,farm,0.389,0.407,1.023,7.15,4.4,1.1958
2026-02-21,5,2026-02-21 04:00:00,farm,0.201,0.209,1.023,6.32,4.1,1.1971
2026-02-21,6,2026-02-21 05:00:00,farm,0.112,0.092,1.023,5.53,4.0,1.198
2026-02-21,7,2026-02-21 06:00:00,farm,0.124,0.095,1.023,5.55,3.5,1.1998
2026-02-21,8,2026-02-21 07:00:00,farm,0.083,0.056,1.023,5.14,3.0,1.2013
2026-02-21,9,2026-02-21 08:00:00,farm,0.073,0.03,1.023,4.74,4.1,1.1979
2026-02-21,10,2026-02-21 09:00:00,farm,0.063,0.001,1.023,3.36,6.3,1.19
2026-02-21,11,2026-02-21 10:00:00,farm,0.073,0.028,1.023,4.7,7.4,1.1901
2026-02-21,12,2026-02-21 11:00:00,farm,4.811,5.0,1.023,15.17,8.2,1.1884
2026-02-21,13,2026-02-21 12:00:00,farm,4.215,4.414,1.023,12.2,8.0,1.1907
2026-02-21,14,2026-02-21 13:00:00,farm,3.18,3.147,1.023,11.22,8.2,1.1904
2026-02-21,15,2026-02-21 14:00:00,farm,4.263,4.574,1.023,12.3,7.5,1.1945
2026-02-21,16,2026-02-21 15:00:00,farm,3.015,2.958,1.023,11.04,7.4,1.1956
2026-02-21,17,2026-02-21 16:00:00,farm,1.547,1.623,1.023,9.57,6.1,1.2018
2026-02-21,18,2026-02-21 17:00:00,farm,0.459,0.465,1.023,7.33,6.0,1.2026
2026-02-21,19,2026-02-21 18:00:00,farm,0.561,0.584,1.023,7.67,5.9,1.2032
2026-02-21,20,2026-02-21 19:00:00,farm,0.14,0.15,1.023,5.97,6.0,1.2028
2026-02-21,21,2026-02-21 20:00:00,farm,0.062,0.001,1.023,3.5,5.4,1.2047
2026-02-21,22,2026-02-21 21:00:00,farm,0.061,0.003,1.023,3.76,5.0,1.2056
2026-02-21,23,2026-02-21 22:00:00,farm,0.064,0.015,1.023,4.39,5.5,1.2032
2026-02-21,24,2026-02-21 23:00:00,farm,0.115,0.123,1.023,5.78,5.6,1.2026
2026-02-21,25,2026-02-22 00:00:00,farm,0.082,0.056,1.023,5.13,5.5,1.203
2026-02-21,26,2026-02-22 01:00:00,farm,0.062,0.012,1.023,4.27,3.4,1.2114
2026-02-21,27,2026-02-22 02:00:00,farm,0.062,0.001,1.023,3.45,1.2,1.2192
2026-02-21,28,2026-02-22 03:00:00,farm,0.0,0.0,1.023,0.92,-0.3,1.224
2026-02-21,29,2026-02-22 04:00:00,farm,0.0,0.0,1.023,0.47,-1.0,1.2267
2026-02-21,30,2026-02-22 05:00:00,farm,0.0,0.0,1.023,1.22,-1.1,1.2274
2026-02-21,31,2026-02-22 06:00:00,farm,0.0,0.0,1.023,1.46,-0.9,1.2262
2026-02-21,32,2026-02-22 07:00:00,farm,0.0,0.0,1.023,2.14,-0.2,1.2224
2026-02-21,33,2026-02-22 08:00:00,farm,0.063,0.0,1.023,2.61,1.2,1.2162
2026-02-21,34,2026-02-22 09:00:00,farm,0.062,0.013,1.023,4.3,3.2,1.2073
2026-02-21,35,2026-02-22 10:00:00,farm,0.226,0.246,1.023,6.51,5.7,1.1953
2026-02-21,36,2026-02-22 11:00:00,farm,1.064,1.094,1.023,8.79,8.0,1.1839
2026-02-21,37,2026-02-22 12:00:00,farm,1.494,1.485,1.023,9.42,9.0,1.1787
2026-02-21,38,2026-02-22 13:00:00,farm,1.307,1.319,1.023,9.18,9.9,1.1735
2026-02-21,39,2026-02-22 14:00:00,farm,0.917,0.938,1.023,8.52,10.2,1.1713
2026-02-21,40,2026-02-22 15:00:00,farm,0.646,0.643,1.023,7.87,10.4,1.1697
2026-02-21,41,2026-02-22 16:00:00,farm,0.396,0.425,1.023,7.24,9.8,1.1716
2026-02-21,42,2026-02-22 17:00:00,farm,0.371,0.399,1.023,7.14,7.5,1.1806
2026-02-21,43,2026-02-22 18:00:00,farm,0.115,0.118,1.023,5.75,5.1,1.1908
2026-02-21,44,2026-02-22 19:00:00,farm,0.062,0.001,1.023,3.57,3.2,1.1983
2026-02-21,45,2026-02-22 20:00:00,farm,0.062,0.0,1.023,2.57,1.6,1.2049
2026-02-21,46,2026-02-22 21:00:00,farm,0.0,0.0,1.023,1.6,0.7,1.2087
2026-02-21,47,2026-02-22 22:00:00,farm,0.0,0.0,1.023,1.57,0.5,1.2095
2026-02-21,48,2026-02-22 23:00:00,farm,0.0,0.0,1.023,2.45,0.7,1.2084
2026-02-22,1,2026-02-22 00:00:00,farm,0.082,0.056,0.082,5.13,5.5,1.203
2026-02-22,2,2026-02-22 01:00:00,farm,0.062,0.012,0.082,4.27,3.4,1.2114
2026-02-22,3,2026-02-22 02:00:00,farm,0.062,0.001,0.082,3.45,1.2,1.2192
2026-02-22,4,2026-02-22 03:00:00,farm,0.0,0.0,0.082,0.92,-0.3,1.224
2026-02-22,5,2026-02-22 04:00:00,farm,0.0,0.0,0.082,0.47,-1.0,1.2267
2026-02-22,6,2026-02-22 05:00:00,farm,0.0,0.0,0.082,1.22,-1.1,1.2274
2026-02-22,7,2026-02-22 06:00:00,farm,0.0,0.0,0.082,1.46,-0.9,1.2262
2026-02-22,8,2026-02-22 07:00:00,farm,0.0,0.0,0.082,2.14,-0.2,1.2224
2026-02-22,9,2026-02-22 08:00:00,farm,0.063,0.0,0.082,2.61,1.2,1.2162
2026-02-22,10,2026-02-22 09:00:00,farm,0.062,0.013,0.082,4.3,3.2,1.2073
2026-02-22,11,2026-02-22 10:00:00,farm,0.226,0.246,0.082,6.51,5.7,1.1953
2026-02-22,12,2026-02-22 11:00:00,farm,1.064,1.094,0.082,8.79,8.0,1.1839
2026-02-22,13,2026-02-22 12:00:00,farm,1.494,1.485,0.082,9.42,9.0,1.1787
2026-02-22,14,2026-02-22 13:00:00,farm,1.307,1.319,0.082,9.18,9.9,1.1735
2026-02-22,15,2026-02-22 14:00:00,farm,0.917,0.938,0.082,8.52,10.2,1.1713
2026-02-22,16,2026-02-22 15:00:00,farm,0.646,0.643,0.082,7.87,10.4,1.1697
2026-02-22,17,2026-02-22 16:00:00,farm,0.396,0.425,0.082,7.24,9.8,1.1716
2026-02-22,18,2026-02-22 17:00:00,farm,0.371,0.399,0.082,7.14,7.5,1.1806
2026-02-22,19,2026-02-22 18:00:00,farm,0.115,0.118,0.082,5.75,5.1,1.1908
2026-02-22,20,2026-02-22 19:00:00,farm,0.062,0.001,0.082,3.57,3.2,1.1983
2026-02-22,21,2026-02-22 20:00:00,farm,0.062,0.0,0.082,2.57,1.6,1.2049
2026-02-22,22,2026-02-22 21:00:00,farm,0.0,0.0,0.082,1.6,0.7,1.2087
2026-02-22,23,2026-02-22 22:00:00,farm,0.0,0.0,0.082,1.57,0.5,1.2095
2026-02-22,24,2026-02-22 23:00:00,farm,0.0,0.0,0.082,2.45,0.7,1.2084
2026-02-22,25,2026-02-23 00:00:00,farm,0.0,0.0,0.082,2.24,1.5,1.2043
2026-02-22,26,2026-02-23 01:00:00,farm,0.0,0.0,0.082,1.7,2.1,1.2012
2026-02-22,27,2026-02-23 02:00:00,farm,0.0,0.0,0.082,1.82,2.7,1.1981
2026-02-22,28,2026-02-23 03:00:00,farm,0.0,0.0,0.082,1.81,3.3,1.1952
2026-02-22,29,2026-02-23 04:00:00,farm,0.0,0.0,0.082,1.03,3.2,1.1957
2026-02-22,30,2026-02-23 05:00:00,farm,0.063,0.0,0.082,3.31,3.0,1.1969
2026-02-22,31,2026-02-23 06:00:00,farm,0.168,0.158,0.082,6.02,1.5,1.2047
2026-02-22,32,2026-02-23 07:00:00,farm,0.117,0.117,0.082,5.73,1.9,1.204
2026-02-22,33,2026-02-23 08:00:00,farm,0.117,0.121,0.082,5.77,4.4,1.194
2026-02-22,34,2026-02-23 09:00:00,farm,0.103,0.06,0.082,5.2,7.1,1.1831
2026-02-22,35,2026-02-23 10:00:00,farm,0.063,0.0,0.082,2.99,8.8,1.1761
2026-02-22,36,2026-02-23 11:00:00,farm,0.062,0.001,0.082,3.59,9.4,1.1731
2026-02-22,37,2026-02-23 12:00:00,farm,0.16,0.164,0.082,6.08,7.9,1.1799
2026-02-22,38,2026-02-23 13:00:00,farm,0.367,0.405,0.082,7.16,7.4,1.1824
2026-02-22,39,2026-02-23 14:00:00,farm,0.563,0.586,0.082,7.7,7.1,1.1841
2026-02-22,40,2026-02-23 15:00:00,farm,0.572,0.633,0.082,7.82,6.6,1.1867
2026-02-22,41,2026-02-23 16:00:00,farm,0.664,0.671,0.082,7.91,5.7,1.1908
2026-02-22,42,2026-02-23 17:00:00,farm,1.444,1.454,0.082,9.34,4.2,1.198
2026-02-22,43,2026-02-23 18:00:00,farm,1.421,1.409,0.082,9.27,3.7,1.2009
2026-02-22,44,2026-02-23 19:00:00,farm,2.138,2.127,0.082,10.18,2.7,1.2068
2026-02-22,45,2026-02-23 20:00:00,farm,2.854,2.908,0.082,10.95,0.9,1.2157
2026-02-22,46,2026-02-23 21:00:00,farm,1.976,1.991,0.082,10.0,0.3,1.2193
2026-02-22,47,2026-02-23 22:00:00,farm,1.84,1.863,0.082,9.84,-0.4,1.2229
2026-02-22,48,2026-02-23 23:00:00,farm,2.419,2.613,0.082,10.65,-1.0,1.226
2026-02-23,1,2026-02-23 00:00:00,farm,0.0,0.0,0.0,2.24,1.5,1.2043
2026-02-23,2,2026-02-23 01:00:00,farm,0.0,0.0,0.0,1.7,2.1,1.2012
2026-02-23,3,2026-02-23 02:00:00,farm,0.0,0.0,0.0,1.82,2.7,1.1981
2026-02-23,4,2026-02-23 03:00:00,farm,0.0,0.0,0.0,1.81,3.3,1.1952
2026-02-23,5,2026-02-23 04:00:00,farm,0.0,0.0,0.0,1.03,3.2,1.1957
2026-02-23,6,2026-02-23 05:00:00,farm,0.063,0.0,0.0,3.31,3.0,1.1969
2026-02-23,7,2026-02-23 06:00:00,farm,0.168,0.158,0.0,6.02,1.5,1.2047
2026-02-23,8,2026-02-23 07:00:00,farm,0.117,0.117,0.0,5.73,1.9,1.204
2026-02-23,9,2026-02-23 08:00:00,farm,0.117,0.121,0.0,5.77,4.4,1.194
2026-02-23,10,2026-02-23 09:00:00,farm,0.103,0.06,0.0,5.2,7.1,1.1831
2026-02-23,11,2026-02-23 10:00:00,farm,0.063,0.0,0.0,2.99,8.8,1.1761
2026-02-23,12,2026-02-23 11:00:00,farm,0.062,0.001,0.0,3.59,9.4,1.1731
2026-02-23,13,2026-02-23 12:00:00,farm,0.16,0.164,0.0,6.08,7.9,1.1799
2026-02-23,14,2026-02-23 13:00:00,farm,0.367,0.405,0.0,7.16,7.4,1.1824
2026-02-23,15,2026-02-23 14:00:00,farm,0.563,0.586,0.0,7.7,7.1,1.1841
2026-02-23,16,2026-02-23 15:00:00,farm,0.572,0.633,0.0,7.82,6.6,1.1867
2026-02-23,17,2026-02-23 16:00:00,farm,0.664,0.671,0.0,7.91,5.7,1.1908
2026-02-23,18,2026-02-23 17:00:00,farm,1.444,1.454,0.0,9.34,4.2,1.198
2026-02-23,19,2026-02-23 18:00:00,farm,1.421,1.409,0.0,9.27,3.7,1.2009
2026-02-23,20,2026-02-23 19:00:00,farm,2.138,2.127,0.0,10.18,2.7,1.2068
2026-02-23,21,2026-02-23 20:00:00,farm,2.854,2.908,0.0,10.95,0.9,1.2157
2026-02-23,22,2026-02-23 21:00:00,farm,1.976,1.991,0.0,10.0,0.3,1.2193
2026-02-23,23,2026-02-23 22:00:00,farm,1.84,1.863,0.0,9.84,-0.4,1.2229
2026-02-23,24,2026-02-23 23:00:00,farm,2.419,2.613,0.0,10.65,-1.0,1.226
2026-02-23,25,2026-02-24 00:00:00,farm,2.187,2.129,0.0,10.14,-1.4,1.2282
2026-02-23,26,2026-02-24 01:00:00,farm,1.429,1.459,0.0,9.29,-2.0,1.2311
2026-02-23,27,2026-02-24 02:00:00,farm,0.881,0.913,0.0,8.38,-2.3,1.2319
2026-02-23,28,2026-02-24 03:00:00,farm,0.755,0.765,0.0,8.07,-2.4,1.2318
2026-02-23,29,2026-02-24 04:00:00,farm,0.782,0.81,0.0,8.17,-2.4,1.2313
2026-02-23,30,2026-02-24 05:00:00,farm,0.454,0.473,0.0,7.32,-2.3,1.2311
2026-02-23,31,2026-02-24 06:00:00,farm,0.322,0.329,0.0,6.83,-2.1,1.2301
2026-02-23,32,2026-02-24 07:00:00,farm,0.178,0.163,0.0,6.03,-1.8,1.229
2026-02-23,33,2026-02-24 08:00:00,farm,0.081,0.04,0.0,4.91,-0.9,1.2254
2026-02-23,34,2026-02-24 09:00:00,farm,0.062,0.007,0.0,4.09,0.2,1.2206
2026-02-23,35,2026-02-24 10:00:00,farm,0.063,0.001,0.0,3.47,1.1,1.2166
2026-02-23,36,2026-02-24 11:00:00,farm,0.063,0.0,0.0,2.74,2.0,1.2128
2026-02-23,37,2026-02-24 12:00:00,farm,0.063,0.0,0.0,2.82,2.8,1.2094
2026-02-23,38,2026-02-24 13:00:00,farm,0.062,0.0,0.0,3.35,2.9,1.2089
2026-02-23,39,2026-02-24 14:00:00,farm,0.07,0.006,0.0,4.04,2.6,1.2104
2026-02-23,40,2026-02-24 15:00:00,farm,0.062,0.005,0.0,3.96,2.0,1.2127
2026-02-23,41,2026-02-24 16:00:00,farm,0.064,0.0,0.0,3.33,1.5,1.2149
2026-02-23,42,2026-02-24 17:00:00,farm,0.064,0.0,0.0,2.83,1.0,1.2173
2026-02-23,43,2026-02-24 18:00:00,farm,0.064,0.0,0.0,3.08,0.2,1.2215
2026-02-23,44,2026-02-24 19:00:00,farm,0.0,0.0,0.0,2.44,-0.4,1.2245
2026-02-23,45,2026-02-24 20:00:00,farm,0.0,0.0,0.0,0.73,-0.5,1.2245
2026-02-23,46,2026-02-24 21:00:00,farm,0.0,0.0,0.0,1.76,-0.7,1.2252
2026-02-23,47,2026-02-24 22:00:00,farm,0.0,0.0,0.0,1.82,-0.9,1.2263
2026-02-23,48,2026-02-24 23:00:00,farm,0.0,0.0,0.0,1.75,-0.6,1.2252
2026-02-24,1,2026-02-24 00:00:00,farm,2.187,2.129,2.187,10.14,-1.4,1.2282
2026-02-24,2,2026-02-24 01:00:00,farm,1.429,1.459,2.187,9.29,-2.0,1.2311
2026-02-24,3,2026-02-24 02:00:00,farm,0.881,0.913,2.187,8.38,-2.3,1.2319
2026-02-24,4,2026-02-24 03:00:00,farm,0.755,0.765,2.187,8.07,-2.4,1.2318
2026-02-24,5,2026-02-24 04:00:00,farm,0.782,0.81,2.187,8.17,-2.4,1.2313
2026-02-24,6,2026-02-24 05:00:00,farm,0.454,0.473,2.187,7.32,-2.3,1.2311
2026-02-24,7,2026-02-24 06:00:00,farm,0.322,0.329,2.187,6.83,-2.1,1.2301
2026-02-24,8,2026-02-24 07:00:00,farm,0.178,0.163,2.187,6.03,-1.8,1.229
2026-02-24,9,2026-02-24 08:00:00,farm,0.081,0.04,2.187,4.91,-0.9,1.2254
2026-02-24,10,2026-02-24 09:00:00,farm,0.062,0.007,2.187,4.09,0.2,1.2206
2026-02-24,11,2026-02-24 10:00:00,farm,0.063,0.001,2.187,3.47,1.1,1.2166
2026-02-24,12,2026-02-24 11:00:00,farm,0.063,0.0,2.187,2.74,2.0,1.2128
2026-02-24,13,2026-02-24 12:00:00,farm,0.063,0.0,2.187,2.82,2.8,1.2094
2026-02-24,14,2026-02-24 13:00:00,farm,0.062,0.0,2.187,3.35,2.9,1.2089
2026-02-24,15,2026-02-24 14:00:00,farm,0.07,0.006,2.187,4.04,2.6,1.2104
2026-02-24,16,2026-02-24 15:00:00,farm,0.062,0.005,2.187,3.96,2.0,1.2127
2026-02-24,17,2026-02-24 16:00:00,farm,0.064,0.0,2.187,3.33,1.5,1.2149
2026-02-24,18,2026-02-24 17:00:00,farm,0.064,0.0,2.187,2.83,1.0,1.2173
2026-02-24,19,2026-02-24 18:00:00,farm,0.064,0.0,2.187,3.08,0.2,1.2215
2026-02-24,20,2026-02-24 19:00:00,farm,0.0,0.0,2.187,2.44,-0.4,1.2245
2026-02-24,21,2026-02-24 20:00:00,farm,0.0,0.0,2.187,0.73,-0.5,1.2245
2026-02-24,22,2026-02-24 21:00:00,farm,0.0,0.0,2.187,1.76,-0.7,1.2252
2026-02-24,23,2026-02-24 22:00:00,farm,0.0,0.0,2.187,1.82,-0.9,1.2263
2026-02-24,24,2026-02-24 23:00:00,farm,0.0,0.0,2.187,1.75,-0.6,1.2252
2026-02-24,25,2026-02-25 00:00:00,farm,0.062,0.0,2.187,2.98,-1.2,1.2277
2026-02-24,26,2026-02-25 01:00:00,farm,0.062,0.0,2.187,3.09,-1.5,1.2283
2026-02-24,27,2026-02-25 02:00:00,farm,0.062,0.001,2.187,3.52,-1.4,1.2271
2026-02-24,28,2026-02-25 03:00:00,farm,0.062,0.001,2.187,3.4,-1.6,1.2273
2026-02-24,29,2026-02-25 04:00:00,farm,0.063,0.001,2.187,3.42,-1.9,1.2282
2026-02-24,30,2026-02-25 05:00:00,farm,0.063,0.0,2.187,3.15,-2.0,1.2291
2026-02-24,31,2026-02-25 06:00:00,farm,0.063,0.003,2.187,3.78,-1.8,1.2283
2026-02-24,32,2026-02-25 07:00:00,farm,0.063,0.001,2.187,3.53,-1.5,1.2271
2026-02-24,33,2026-02-25 08:00:00,farm,0.063,0.0,2.187,2.9,-0.8,1.2244
2026-02-24,34,2026-02-25 09:00:00,farm,0.0,0.0,2.187,2.4,-0.1,1.2212
2026-02-24,35,2026-02-25 10:00:00,farm,0.0,0.0,2.187,2.47,1.0,1.2159
2026-02-24,36,2026-02-25 11:00:00,farm,0.063,0.0,2.187,2.83,1.9,1.2122
2026-02-24,37,2026-02-25 12:00:00,farm,0.0,0.0,2.187,2.44,2.4,1.2092
2026-02-24,38,2026-02-25 13:00:00,farm,0.0,0.0,2.187,1.66,2.7,1.207
2026-02-24,39,2026-02-25 14:00:00,farm,0.0,0.0,2.187,0.35,2.9,1.2057
2026-02-24,40,2026-02-25 15:00:00,farm,0.0,0.0,2.187,0.25,2.9,1.2048
2026-02-24,41,2026-02-25 16:00:00,farm,0.0,0.0,2.187,0.94,2.9,1.2044
2026-02-24,42,2026-02-25 17:00:00,farm,0.062,0.001,2.187,3.61,1.4,1.2098
2026-02-24,43,2026-02-25 18:00:00,farm,0.062,0.001,2.187,3.65,0.8,1.2122
2026-02-24,44,2026-02-25 19:00:00,farm,0.0,0.0,2.187,2.26,1.2,1.2106
2026-02-24,45,2026-02-25 20:00:00,farm,0.061,0.0,2.187,2.53,1.2,1.2102
2026-02-24,46,2026-02-25 21:00:00,farm,0.061,0.009,2.187,4.19,0.5,1.212
2026-02-24,47,2026-02-25 22:00:00,farm,0.081,0.056,2.187,5.14,0.0,1.2135
2026-02-24,48,2026-02-25 23:00:00,farm,0.499,0.484,2.187,7.38,0.6,1.2099
2026-02-25,1,2026-02-25 00:00:00,farm,0.062,0.0,0.062,2.98,-1.2,1.2277
2026-02-25,2,2026-02-25 01:00:00,farm,0.062,0.0,0.062,3.09,-1.5,1.2283
2026-02-25,3,2026-02-25 02:00:00,farm,0.062,0.001,0.062,3.52,-1.4,1.2271
2026-02-25,4,2026-02-25 03:00:00,farm,0.062,0.001,0.062,3.4,-1.6,1.2273
2026-02-25,5,2026-02-25 04:00:00,farm,0.063,0.001,0.062,3.42,-1.9,1.2282
2026-02-25,6,2026-02-25 05:00:00,farm,0.063,0.0,0.062,3.15,-2.0,1.2291
2026-02-25,7,2026-02-25 06:00:00,farm,0.063,0.003,0.062,3.78,-1.8,1.2283
2026-02-25,8,2026-02-25 07:00:00,farm,0.063,0.001,0.062,3.53,-1.5,1.2271
2026-02-25,9,2026-02-25 08:00:00,farm,0.063,0.0,0.062,2.9,-0.8,1.2244
2026-02-25,10,2026-02-25 09:00:00,farm,0.0,0.0,0.062,2.4,-0.1,1.2212
2026-02-25,11,2026-02-25 10:00:00,farm,0.0,0.0,0.062,2.47,1.0,1.2159
2026-02-25,12,2026-02-25 11:00:00,farm,0.063,0.0,0.062,2.83,1.9,1.2122
2026-02-25,13,2026-02-25 12:00:00,farm,0.0,0.0,0.062,2.44,2.4,1.2092
2026-02-25,14,2026-02-25 13:00:00,farm,0.0,0.0,0.062,1.66,2.7,1.207
2026-02-25,15,2026-02-25 14:00:00,farm,0.0,0.0,0.062,0.35,2.9,1.2057
2026-02-25,16,2026-02-25 15:00:00,farm,0.0,0.0,0.062,0.25,2.9,1.2048
2026-02-25,17,2026-02-25 16:00:00,farm,0.0,0.0,0.062,0.94,2.9,1.2044
2026-02-25,18,2026-02-25 17:00:00,farm,0.062,0.001,0.062,3.61,1.4,1.2098
2026-02-25,19,2026-02-25 18:00:00,farm,0.062,0.001,0.062,3.65,0.8,1.2122
2026-02-25,20,2026-02-25 19:00:00,farm,0.0,0.0,0.062,2.26,1.2,1.2106
2026-02-25,21,2026-02-25 20:00:00,farm,0.061,0.0,0.062,2.53,1.2,1.2102
2026-02-25,22,2026-02-25 21:00:00,farm,0.061,0.009,0.062,4.19,0.5,1.212
2026-02-25,23,2026-02-25 22:00:00,farm,0.081,0.056,0.062,5.14,0.0,1.2135
2026-02-25,24,2026-02-25 23:00:00,farm,0.499,0.484,0.062,7.38,0.6,1.2099
2026-02-25,25,2026-02-26 00:00:00,farm,0.647,0.659,0.062,7.85,-0.1,1.212
2026-02-25,26,2026-02-26 01:00:00,farm,0.573,0.58,0.062,7.65,-0.1,1.2109
2026-02-25,27,2026-02-26 02:00:00,farm,0.717,0.715,0.062,7.99,0.2,1.2087
2026-02-25,28,2026-02-26 03:00:00,farm,0.411,0.425,0.062,7.2,0.7,1.2053
2026-02-25,29,2026-02-26 04:00:00,farm,0.555,0.577,0.062,7.65,0.7,1.2039
2026-02-25,30,2026-02-26 05:00:00,farm,0.536,0.536,0.062,7.54,0.7,1.2035
2026-02-25,31,2026-02-26 06:00:00,farm,0.553,0.573,0.062,7.64,0.4,1.2047
2026-02-25,32,2026-02-26 07:00:00,farm,0.242,0.254,0.062,6.54,0.4,1.2038
2026-02-25,33,2026-02-26 08:00:00,farm,0.276,0.266,0.062,6.6,1.6,1.1984
2026-02-25,34,2026-02-26 09:00:00,farm,0.135,0.106,0.062,5.65,3.6,1.1895
2026-02-25,35,2026-02-26 10:00:00,farm,0.063,0.0,0.062,3.06,4.5,1.1874
2026-02-25,36,2026-02-26 11:00:00,farm,0.0,0.0,0.062,2.05,5.9,1.1826
2026-02-25,37,2026-02-26 12:00:00,farm,1.187,1.193,0.062,8.95,4.7,1.1896
2026-02-25,38,2026-02-26 13:00:00,farm,0.176,0.151,0.062,5.98,2.1,1.2017
2026-02-25,39,2026-02-26 14:00:00,farm,0.117,0.081,0.062,5.41,-0.3,1.2132
2026-02-25,40,2026-02-26 15:00:00,farm,0.119,0.075,0.062,5.35,-0.6,1.2144
2026-02-25,41,2026-02-26 16:00:00,farm,0.753,0.784,0.062,8.14,-0.1,1.2124
2026-02-25,42,2026-02-26 17:00:00,farm,2.102,2.131,0.062,10.17,-0.2,1.2141
2026-02-25,43,2026-02-26 18:00:00,farm,1.682,1.711,0.062,9.66,-0.6,1.2167
2026-02-25,44,2026-02-26 19:00:00,farm,0.573,0.609,0.062,7.72,-0.4,1.2166
2026-02-25,45,2026-02-26 20:00:00,farm,0.801,0.856,0.062,8.29,0.2,1.2139
2026-02-25,46,2026-02-26 21:00:00,farm,0.891,0.944,0.062,8.47,0.8,1.2117
2026-02-25,47,2026-02-26 22:00:00,farm,0.932,0.959,0.062,8.5,0.8,1.2117
2026-02-25,48,2026-02-26 23:00:00,farm,0.58,0.582,0.062,7.65,0.2,1.2148
2026-02-26,1,2026-02-26 00:00:00,farm,0.647,0.659,0.647,7.85,-0.1,1.212
2026-02-26,2,2026-02-26 01:00:00,farm,0.573,0.58,0.647,7.65,-0.1,1.2109
2026-02-26,3,2026-02-26 02:00:00,farm,0.717,0.715,0.647,7.99,0.2,1.2087
2026-02-26,4,2026-02-26 03:00:00,farm,0.411,0.425,0.647,7.2,0.7,1.2053
2026-02-26,5,2026-02-26 04:00:00,farm,0.555,0.577,0.647,7.65,0.7,1.2039
2026-02-26,6,2026-02-26 05:00:00,farm,0.536,0.536,0.647,7.54,0.7,1.2035
2026-02-26,7,2026-02-26 06:00:00,farm,0.553,0.573,0.647,7.64,0.4,1.2047
2026-02-26,8,2026-02-26 07:00:00,farm,0.242,0.254,0.647,6.54,0.4,1.2038
2026-02-26,9,2026-02-26 08:00:00,farm,0.276,0.266,0.647,6.6,1.6,1.1984
2026-02-26,10,2026-02-26 09:00:00,farm,0.135,0.106,0.647,5.65,3.6,1.1895
2026-02-26,11,2026-02-26 10:00:00,farm,0.063,0.0,0.647,3.06,4.5,1.1874
2026-02-26,12,2026-02-26 11:00:00,farm,0.0,0.0,0.647,2.05,5.9,1.1826
2026-02-26,13,2026-02-26 12:00:00,farm,1.187,1.193,0.647,8.95,4.7,1.1896
2026-02-26,14,2026-02-26 13:00:00,farm,0.176,0.151,0.647,5.98,2.1,1.2017
2026-02-26,15,2026-02-26 14:00:00,farm,0.117,0.081,0.647,5.41,-0.3,1.2132
2026-02-26,16,2026-02-26 15:00:00,farm,0.119,0.075,0.647,5.35,-0.6,1.2144
2026-02-26,17,2026-02-26 16:00:00,farm,0.753,0.784,0.647,8.14,-0.1,1.2124
2026-02-26,18,2026-02-26 17:00:00,farm,2.102,2.131,0.647,10.17,-0.2,1.2141
2026-02-26,19,2026-02-26 18:00:00,farm,1.682,1.711,0.647,9.66,-0.6,1.2167
2026-02-26,20,2026-02-26 19:00:00,farm,0.573,0.609,0.647,7.72,-0.4,1.2166
2026-02-26,21,2026-02-26 20:00:00,farm,0.801,0.856,0.647,8.29,0.2,1.2139
2026-02-26,22,2026-02-26 21:00:00,farm,0.891,0.944,0.647,8.47,0.8,1.2117
2026-02-26,23,2026-02-26 22:00:00,farm,0.932,0.959,0.647,8.5,0.8,1.2117
2026-02-26,24,2026-02-26 23:00:00,farm,0.58,0.582,0.647,7.65,0.2,1.2148
2026-02-26,25,2026-02-27 00:00:00,farm,0.144,0.134,0.647,5.85,-0.2,1.2166
2026-02-26,26,2026-02-27 01:00:00,farm,0.117,0.108,0.647,5.65,-0.6,1.2185
2026-02-26,27,2026-02-27 02:00:00,farm,0.133,0.094,0.647,5.53,-0.8,1.2191
2026-02-26,28,2026-02-27 03:00:00,farm,0.065,0.024,0.647,4.6,-1.2,1.2205
2026-02-26,29,2026-02-27 04:00:00,farm,0.081,0.043,0.647,4.94,-0.5,1.2171
2026-02-26,30,2026-02-27 05:00:00,farm,0.148,0.143,0.647,5.91,-0.4,1.2169
2026-02-26,31,2026-02-27 06:00:00,farm,0.133,0.121,0.647,5.76,-0.1,1.2159
2026-02-26,32,2026-02-27 07:00:00,farm,0.111,0.073,0.647,5.33,0.1,1.2152
2026-02-26,33,2026-02-27 08:00:00,farm,0.063,0.011,0.647,4.25,0.4,1.2139
2026-02-26,34,2026-02-27 09:00:00,farm,0.063,0.002,0.647,3.68,1.1,1.2107
2026-02-26,35,2026-02-27 10:00:00,farm,0.063,0.005,0.647,3.95,1.6,1.2083
2026-02-26,36,2026-02-27 11:00:00,farm,0.063,0.001,0.647,3.44,2.3,1.2048
2026-02-26,37,2026-02-27 12:00:00,farm,0.063,0.001,0.647,3.42,2.5,1.2035
2026-02-26,38,2026-02-27 13:00:00,farm,0.062,0.0,0.647,3.06,3.2,1.1998
2026-02-26,39,2026-02-27 14:00:00,farm,0.062,0.0,0.647,3.17,2.9,1.2005
2026-02-26,40,2026-02-27 15:00:00,farm,0.117,0.075,0.647,5.36,2.6,1.2021
2026-02-26,41,2026-02-27 16:00:00,farm,0.357,0.368,0.647,7.0,1.2,1.2093
2026-02-26,42,2026-02-27 17:00:00,farm,0.659,0.678,0.647,7.89,-0.6,1.2185
2026-02-26,43,2026-02-27 18:00:00,farm,0.388,0.426,0.647,7.18,-1.9,1.2256
2026-02-26,44,2026-02-27 19:00:00,farm,0.344,0.369,0.647,6.98,-3.1,1.2317
2026-02-26,45,2026-02-27 20:00:00,farm,0.585,0.614,0.647,7.71,-3.9,1.2356
2026-02-26,46,2026-02-27 21:00:00,farm,0.394,0.43,0.647,7.18,-4.1,1.2368
2026-02-26,47,2026-02-27 22:00:00,farm,0.367,0.352,0.647,6.91,-4.4,1.2374
2026-02-26,48,2026-02-27 23:00:00,farm,0.766,0.8,0.647,8.14,-4.5,1.2384
2026-02-27,1,2026-02-27 00:00:00,farm,0.144,0.134,0.144,5.85,-0.2,1.2166
2026-02-27,2,2026-02-27 01:00:00,farm,0.117,0.108,0.144,5.65,-0.6,1.2185
2026-02-27,3,2026-02-27 02:00:00,farm,0.133,0.094,0.144,5.53,-0.8,1.2191
2026-02-27,4,2026-02-27 03:00:00,farm,0.065,0.024,0.144,4.6,-1.2,1.2205
2026-02-27,5,2026-02-27 04:00:00,farm,0.081,0.043,0.144,4.94,-0.5,1.2171
2026-02-27,6,2026-02-27 05:00:00,farm,0.148,0.143,0.144,5.91,-0.4,1.2169
2026-02-27,7,2026-02-27 06:00:00,farm,0.133,0.121,0.144,5.76,-0.1,1.2159
2026-02-27,8,2026-02-27 07:00:00,farm,0.111,0.073,0.144,5.33,0.1,1.2152
2026-02-27,9,2026-02-27 08:00:00,farm,0.063,0.011,0.144,4.25,0.4,1.2139
2026-02-27,10,2026-02-27 09:00:00,farm,0.063,0.002,0.144,3.68,1.1,1.2107
2026-02-27,11,2026-02-27 10:00:00,farm,0.063,0.005,0.144,3.95,1.6,1.2083
2026-02-27,12,2026-02-27 11:00:00,farm,0.063,0.001,0.144,3.44,2.3,1.2048
2026-02-27,13,2026-02-27 12:00:00,farm,0.063,0.001,0.144,3.42,2.5,1.2035
2026-02-27,14,2026-02-27 13:00:00,farm,0.062,0.0,0.144,3.06,3.2,1.1998
2026-02-27,15,2026-02-27 14:00:00,farm,0.062,0.0,0.144,3.17,2.9,1.2005
2026-02-27,16,2026-02-27 15:00:00,farm,0.117,0.075,0.144,5.36,2.6,1.2021
2026-02-27,17,2026-02-27 16:00:00,farm,0.357,0.368,0.144,7.0,1.2,1.2093
2026-02-27,18,2026-02-27 17:00:00,farm,0.659,0.678,0.144,7.89,-0.6,1.2185
2026-02-27,19,2026-02-27 18:00:00,farm,0.388,0.426,0.144,7.18,-1.9,1.2256
2026-02-27,20,2026-02-27 19:00:00,farm,0.344,0.369,0.144,6.98,-3.1,1.2317
2026-02-27,21,2026-02-27 20:00:00,farm,0.585,0.614,0.144,7.71,-3.9,1.2356
2026-02-27,22,2026-02-27 21:00:00,farm,0.394,0.43,0.144,7.18,-4.1,1.2368
2026-02-27,23,2026-02-27 22:00:00,farm,0.367,0.352,0.144,6.91,-4.4,1.2374
2026-02-27,24,2026-02-27 23:00:00,farm,0.766,0.8,0.144,8.14,-4.5,1.2384
2026-02-27,25,2026-02-28 00:00:00,farm,0.279,0.271,0.144,6.58,-4.9,1.2398
2026-02-27,26,2026-02-28 01:00:00,farm,0.246,0.24,0.144,6.44,-5.0,1.2401
2026-02-27,27,2026-02-28 02:00:00,farm,0.42,0.429,0.144,7.17,-5.6,1.2427
2026-02-27,28,2026-02-28 03:00:00,farm,0.503,0.501,0.144,7.39,-5.9,1.2439
2026-02-27,29,2026-02-28 04:00:00,farm,0.478,0.502,0.144,7.39,-6.0,1.2449
2026-02-27,30,2026-02-28 05:00:00,farm,0.473,0.446,0.144,7.22,-6.0,1.2449
2026-02-27,31,2026-02-28 06:00:00,farm,0.375,0.386,0.144,7.02,-6.2,1.2466
2026-02-27,32,2026-02-28 07:00:00,farm,0.374,0.35,0.144,6.89,-6.7,1.2499
2026-02-27,33,2026-02-28 08:00:00,farm,0.318,0.319,0.144,6.77,-6.8,1.2513
2026-02-27,34,2026-02-28 09:00:00,farm,0.239,0.238,0.144,6.42,-6.4,1.2501
2026-02-27,35,2026-02-28 10:00:00,farm,0.897,0.908,0.144,8.34,-6.6,1.2523
2026-02-27,36,2026-02-28 11:00:00,farm,0.576,0.57,0.144,7.58,-5.1,1.2453
2026-02-27,37,2026-02-28 12:00:00,farm,0.806,0.836,0.144,8.2,-5.7,1.2489
2026-02-27,38,2026-02-28 13:00:00,farm,0.759,0.724,0.144,7.95,-6.5,1.253
2026-02-27,39,2026-02-28 14:00:00,farm,0.482,0.496,0.144,7.36,-7.2,1.2571
2026-02-27,40,2026-02-28 15:00:00,farm,0.38,0.378,0.144,6.98,-7.2,1.2574
2026-02-27,41,2026-02-28 16:00:00,farm,0.549,0.545,0.144,7.5,-7.2,1.2576
2026-02-27,42,2026-02-28 17:00:00,farm,0.716,0.706,0.144,7.9,-7.6,1.2595
2026-02-27,43,2026-02-28 18:00:00,farm,0.272,0.278,0.144,6.59,-7.5,1.2597
2026-02-27,44,2026-02-28 19:00:00,farm,0.24,0.258,0.144,6.5,-7.7,1.2609
2026-02-27,45,2026-02-28 20:00:00,farm,0.133,0.115,0.144,5.68,-7.2,1.2581
2026-02-27,46,2026-02-28 21:00:00,farm,0.088,0.041,0.144,4.9,-7.1,1.2577
2026-02-27,47,2026-02-28 22:00:00,farm,0.126,0.081,0.144,5.38,-7.4,1.2592
2026-02-27,48,2026-02-28 23:00:00,farm,0.078,0.013,0.144,4.28,-7.2,1.2577
2026-02-28,1,2026-02-28 00:00:00,farm,0.279,0.271,0.279,6.58,-4.9,1.2398
2026-02-28,2,2026-02-28 01:00:00,farm,0.246,0.24,0.279,6.44,-5.0,1.2401
2026-02-28,3,2026-02-28 02:00:00,farm,0.42,0.429,0.279,7.17,-5.6,1.2427
2026-02-28,4,2026-02-28 03:00:00,farm,0.503,0.501,0.279,7.39,-5.9,1.2439
2026-02-28,5,2026-02-28 04:00:00,farm,0.478,0.502,0.279,7.39,-6.0,1.2449
2026-02-28,6,2026-02-28 05:00:00,farm,0.473,0.446,0.279,7.22,-6.0,1.2449
2026-02-28,7,2026-02-28 06:00:00,farm,0.375,0.386,0.279,7.02,-6.2,1.2466
2026-02-28,8,2026-02-28 07:00:00,farm,0.374,0.35,0.279,6.89,-6.7,1.2499
2026-02-28,9,2026-02-28 08:00:00,farm,0.318,0.319,0.279,6.77,-6.8,1.2513
2026-02-28,10,2026-02-28 09:00:00,farm,0.239,0.238,0.279,6.42,-6.4,1.2501
2026-02-28,11,2026-02-28 10:00:00,farm,0.897,0.908,0.279,8.34,-6.6,1.2523
2026-02-28,12,2026-02-28 11:00:00,farm,0.576,0.57,0.279,7.58,-5.1,1.2453
2026-02-28,13,2026-02-28 12:00:00,farm,0.806,0.836,0.279,8.2,-5.7,1.2489
2026-02-28,14,2026-02-28 13:00:00,farm,0.759,0.724,0.279,7.95,-6.5,1.253
2026-02-28,15,2026-02-28 14:00:00,farm,0.482,0.496,0.279,7.36,-7.2,1.2571
2026-02-28,16,2026-02-28 15:00:00,farm,0.38,0.378,0.279,6.98,-7.2,1.2574
2026-02-28,17,2026-02-28 16:00:00,farm,0.549,0.545,0.279,7.5,-7.2,1.2576
2026-02-28,18,2026-02-28 17:00:00,farm,0.716,0.706,0.279,7.9,-7.6,1.2595
2026-02-28,19,2026-02-28 18:00:00,farm,0.272,0.278,0.279,6.59,-7.5,1.2597
2026-02-28,20,2026-02-28 19:00:00,farm,0.24,0.258,0.279,6.5,-7.7,1.2609
2026-02-28,21,2026-02-28 20:00:00,farm,0.133,0.115,0.279,5.68,-7.2,1.2581
2026-02-28,22,2026-02-28 21:00:00,farm,0.088,0.041,0.279,4.9,-7.1,1.2577
2026-02-28,23,2026-02-28 22:00:00,farm,0.126,0.081,0.279,5.38,-7.4,1.2592
2026-02-28,24,2026-02-28 23:00:00,farm,0.078,0.013,0.279,4.28,-7.2,1.2577
2026-02-28,25,2026-03-01 00:00:00,farm,0.079,0.007,0.279,4.07,-6.9,1.2565
2026-02-28,26,2026-03-01 01:00:00,farm,0.079,0.004,0.279,3.89,-7.0,1.2573
2026-02-28,27,2026-03-01 02:00:00,farm,0.076,0.004,0.279,3.89,-7.0,1.2572
2026-02-28,28,2026-03-01 03:00:00,farm,0.071,0.004,0.279,3.87,-6.5,1.2544
2026-02-28,29,2026-03-01 04:00:00,farm,0.073,0.001,0.279,3.41,-6.0,1.2524
2026-02-28,30,2026-03-01 05:00:00,farm,0.0,0.0,0.279,2.1,-6.5,1.2547
2026-02-28,31,2026-03-01 06:00:00,farm,0.0,0.0,0.279,1.99,-6.7,1.2559
2026-02-28,32,2026-03-01 07:00:00,farm,0.0,0.0,0.279,1.69,-6.8,1.2566
2026-02-28,33,2026-03-01 08:00:00,farm,0.0,0.0,0.279,1.28,-6.3,1.2551
2026-02-28,34,2026-03-01 09:00:00,farm,0.0,0.0,0.279,1.58,-5.8,1.2526
2026-02-28,35,2026-03-01 10:00:00,farm,0.0,0.0,0.279,1.95,-5.2,1.2495
2026-02-28,36,2026-03-01 11:00:00,farm,0.0,0.0,0.279,1.48,-4.1,1.2447
2026-02-28,37,2026-03-01 12:00:00,farm,0.0,0.0,0.279,1.5,-3.4,1.2413
2026-02-28,38,2026-03-01 13:00:00,farm,0.0,0.0,0.279,2.02,-2.7,1.2377
2026-02-28,39,2026-03-01 14:00:00,farm,0.0,0.0,0.279,2.07,-2.4,1.2358
2026-02-28,40,2026-03-01 15:00:00,farm,0.0,0.0,0.279,2.25,-2.6,1.2365
2026-02-28,41,2026-03-01 16:00:00,farm,0.0,0.0,0.279,2.29,-3.7,1.2414
2026-02-28,42,2026-03-01 17:00:00,farm,0.0,0.0,0.279,1.81,-5.3,1.2483
2026-02-28,43,2026-03-01 18:00:00,farm,0.076,0.0,0.279,3.12,-7.1,1.2564
2026-02-28,44,2026-03-01 19:00:00,farm,0.076,0.002,0.279,3.71,-7.5,1.2579
2026-02-28,45,2026-03-01 20:00:00,farm,0.083,0.038,0.279,4.85,-6.9,1.2545
2026-02-28,46,2026-03-01 21:00:00,farm,0.163,0.148,0.279,5.92,-5.5,1.2474
2026-02-28,47,2026-03-01 22:00:00,farm,0.286,0.278,0.279,6.61,-5.0,1.2442
2026-02-28,48,2026-03-01 23:00:00,farm,0.674,0.699,0.279,7.91,-4.2,1.2402
